frame,x,y,id
000000,1043.140,332.945,1
000000,289.859,309.921,3
000000,447.446,375.708,4
000000,627.874,286.895,2
000000,865.551,375.664,5
000001,1043.133,335.600,1
000001,289.812,309.954,3
000001,447.388,375.686,4
000001,627.865,286.843,2
000001,862.782,375.618,5
000002,1043.092,335.601,1
000002,287.129,310.004,3
000002,447.335,375.680,4
000002,627.825,286.880,2
000002,862.717,375.627,5
000003,1043.067,332.956,1
000003,287.095,310.034,3
000003,447.292,375.687,4
000003,627.832,286.875,2
000003,860.010,375.593,5
000004,1040.396,335.611,1
000004,287.065,310.039,3
000004,447.277,375.669,4
000004,627.835,286.879,2
000004,859.993,372.939,5
000005,1040.369,332.956,1
000005,287.064,312.716,3
000005,447.264,375.695,4
000005,627.812,286.873,2
000005,860.004,375.591,5
000006,1040.316,332.941,1
000006,287.054,310.021,3
000006,447.260,375.694,4
000006,627.775,286.902,2
000006,860.017,375.592,5
000007,1040.300,335.606,1
000007,287.073,310.031,3
000007,447.278,375.716,4
000007,627.770,286.914,2
000007,860.022,375.607,5
000008,1040.282,335.652,1
000008,287.091,312.717,3
000008,447.281,375.733,4
000008,627.783,286.882,2
000008,859.994,375.674,5
000009,1040.259,335.688,1
000009,287.117,312.738,3
000009,447.313,375.845,4
000009,627.798,286.951,2
000009,860.027,375.730,5
000010,1040.248,335.740,1
000010,289.769,312.851,3
000010,447.369,378.530,4
000010,627.803,286.989,2
000010,862.682,375.818,5
000011,1040.253,338.479,1
000011,289.790,315.665,3
000011,447.374,378.558,4
000011,627.815,287.014,2
000011,862.758,375.875,5
000012,1040.254,338.569,1
000012,289.858,315.666,3
000012,447.384,378.614,4
000012,627.847,287.065,2
000012,862.758,378.582,5
000013,1040.300,338.569,1
000013,289.881,318.445,3
000013,447.474,378.584,4
000013,627.878,287.063,2
000013,862.800,378.587,5
000014,1040.447,335.748,1
000014,292.689,312.849,3
000014,447.517,378.556,4
000014,627.905,287.061,2
000014,865.578,378.500,5
000015,1043.097,335.725,1
000015,292.664,312.722,3
000015,450.240,375.821,4
000015,630.583,286.986,2
000015,865.646,375.761,5
000016,1043.143,335.618,1
000016,292.747,309.894,3
000016,450.323,375.722,4
000016,630.673,286.910,2
000016,871.340,375.699,5
000017,1043.237,332.934,1
000017,295.581,307.101,3
000017,453.050,375.646,4
000017,630.761,286.882,2
000017,874.195,375.613,5
000018,1043.314,332.907,1
000018,298.406,309.747,3
000018,453.168,372.936,4
000018,630.851,284.222,2
000018,877.003,372.918,5
000019,1043.359,332.932,1
000019,304.027,307.136,3
000019,458.774,372.859,4
000019,630.860,284.215,2
000019,879.787,375.582,5
000020,1046.037,332.923,1
000020,304.118,307.133,3
000020,461.701,372.828,4
000020,633.570,284.184,2
000020,879.905,375.595,5
000021,1046.121,332.906,1
000021,306.882,309.750,3
000021,464.593,372.828,4
000021,633.639,284.176,2
000021,880.011,375.614,5
000022,1048.903,332.937,1
000022,307.023,309.825,3
000022,467.361,372.924,4
000022,636.462,284.214,2
000022,882.760,375.630,5
000023,1051.777,335.683,1
000023,309.858,312.698,3
000023,467.518,375.643,4
000023,639.340,286.870,2
000023,882.930,375.694,5
000024,1057.469,338.503,1
000024,309.953,312.753,3
000024,470.230,375.755,4
000024,642.186,286.943,2
000024,885.686,375.807,5
000025,1057.493,344.218,1
000025,315.584,312.817,3
000025,470.353,375.862,4
000025,647.788,289.815,2
000025,888.495,378.529,5
000026,1060.279,347.059,1
000026,315.595,318.519,3
000026,470.446,378.674,4
000026,647.946,292.671,2
000026,891.357,378.748,5
000027,1060.348,349.981,1
000027,315.625,321.366,3
000027,473.167,378.779,4
000027,650.634,292.758,2
000027,894.248,381.591,5
000028,1060.419,352.704,1
000028,318.440,324.164,3
000028,475.989,381.589,4
000028,650.670,298.375,2
000028,897.107,387.222,5
000029,1063.072,352.704,1
000029,321.318,326.966,3
000029,478.885,381.597,4
000029,650.708,295.569,2
000029,899.905,387.222,5
000030,1063.110,352.676,1
000030,326.990,327.008,3
000030,484.536,381.596,4
000030,650.756,295.595,2
000030,900.014,390.083,5
000031,1063.211,352.669,1
000031,327.021,324.156,3
000031,481.785,381.442,4
000031,650.794,295.582,2
000031,902.683,387.168,5
000032,1063.277,349.860,1
000032,326.977,315.626,3
000032,484.558,378.746,4
000032,650.802,295.570,2
000032,902.732,381.574,5
000033,1063.317,344.236,1
000033,326.994,315.660,3
000033,481.787,378.638,4
000033,650.776,289.894,2
000033,902.704,381.440,5
000034,1063.350,341.349,1
000034,321.341,315.641,3
000034,478.915,375.856,4
000034,650.750,289.778,2
000034,902.700,378.592,5
000035,1063.323,335.715,1
000035,315.582,309.900,3
000035,478.851,375.691,4
000035,650.640,286.953,2
000035,899.977,375.836,5
000036,1063.266,335.668,1
000036,312.785,309.784,3
000036,476.008,375.594,4
000036,650.639,286.897,2
000036,899.913,375.684,5
000037,1063.249,332.933,1
000037,312.732,307.085,3
000037,473.257,372.833,4
000037,650.604,284.163,2
000037,897.094,375.620,5
000038,1063.191,332.791,1
000038,309.989,307.072,3
000038,473.157,372.799,4
000038,647.908,284.088,2
000038,891.415,372.895,5
000039,1063.142,332.732,1
000039,309.854,307.022,3
000039,470.430,370.024,4
000039,647.798,284.096,2
000039,888.511,372.791,5
000040,1060.433,332.699,1
000040,307.134,307.064,3
000040,470.286,370.032,4
000040,645.005,284.094,2
000040,885.692,370.054,5
000041,1060.276,332.753,1
000041,307.038,307.052,3
000041,467.537,370.001,4
000041,639.343,284.122,2
000041,882.913,372.847,5
000042,1054.655,332.761,1
000042,306.885,307.036,3
000042,467.416,369.985,4
000042,636.434,284.185,2
000042,882.695,372.830,5
000043,1048.990,332.863,1
000043,304.054,307.118,3
000043,467.303,372.815,4
000043,633.612,286.831,2
000043,879.996,372.891,5
000044,1046.116,332.909,1
000044,301.299,309.801,3
000044,464.501,372.930,4
000044,633.520,286.914,2
000044,879.857,372.901,5
000045,1046.052,332.930,1
000045,301.243,309.860,3
000045,458.843,375.613,4
000045,630.793,286.936,2
000045,879.752,375.593,5
000046,1043.300,332.942,1
000046,298.399,309.871,3
000046,453.135,375.636,4
000046,630.728,286.945,2
000046,877.013,375.618,5
000047,1043.212,332.957,1
000047,295.513,309.995,3
000047,450.307,375.690,4
000047,630.623,286.872,2
000047,874.127,375.658,5
000048,1043.125,332.958,1
000048,289.867,309.998,3
000048,450.191,375.731,4
000048,627.930,286.831,2
000048,865.610,375.630,5
000049,1043.130,332.960,1
000049,289.867,310.015,3
000049,447.468,375.704,4
000049,627.896,286.858,2
000049,865.609,375.681,5
000050,1043.133,335.624,1
000050,289.832,312.719,3
000050,447.374,375.661,4
000050,627.874,284.222,2
000050,862.796,375.630,5
000051,1043.091,335.613,1
000051,289.773,312.718,3
000051,447.343,375.655,4
000051,627.838,286.871,2
000051,862.692,375.612,5
000052,1040.462,335.615,1
000052,287.093,312.767,3
000052,447.285,375.662,4
000052,627.801,286.868,2
000052,859.995,375.595,5
000053,1040.405,335.621,1
000053,287.063,312.740,3
000053,447.279,375.664,4
000053,627.800,286.879,2
000053,859.972,372.921,5
000054,1040.351,332.952,1
000054,287.050,312.742,3
000054,447.247,375.702,4
000054,627.774,286.885,2
000054,859.985,372.938,5
000055,1040.299,332.943,1
000055,287.017,312.709,3
000055,444.631,375.711,4
000055,627.750,286.861,2
000055,860.010,372.944,5
000056,1040.299,332.956,1
000056,287.047,312.702,3
000056,447.261,375.713,4
000056,627.734,286.933,2
000056,860.004,375.607,5
000057,1040.253,335.634,1
000057,287.072,312.765,3
000057,447.288,375.749,4
000057,627.746,286.907,2
000057,859.994,375.674,5
000058,1040.271,335.660,1
000058,287.121,312.756,3
000058,447.308,375.857,4
000058,627.795,286.934,2
000058,862.693,375.731,5
000059,1040.274,335.745,1
000059,289.790,315.633,3
000059,447.366,378.540,4
000059,627.826,287.024,2
000059,862.701,375.839,5
000060,1040.253,338.502,1
000060,289.790,318.426,3
000060,447.370,378.569,4
000060,627.832,287.076,2
000060,862.745,378.496,5
000061,1040.240,338.564,1
000061,289.847,318.419,3
000061,447.369,378.613,4
000061,627.851,287.118,2
000061,862.764,378.596,5
000062,1040.334,338.528,1
000062,289.885,318.424,3
000062,447.472,378.577,4
000062,627.890,287.083,2
000062,862.811,378.597,5
000063,1040.451,335.758,1
000063,292.688,312.849,3
000063,447.518,378.553,4
000063,627.927,287.047,2
000063,865.600,378.499,5
000064,1043.084,335.738,1
000064,292.671,312.732,3
000064,450.244,375.828,4
000064,627.964,286.971,2
000064,868.411,375.742,5
000065,1043.146,335.643,1
000065,292.754,309.916,3
000065,450.322,375.730,4
000065,630.651,286.893,2
000065,871.335,375.679,5
000066,1043.229,332.944,1
000066,292.744,309.789,3
000066,453.064,375.622,4
000066,630.747,286.879,2
000066,874.205,375.613,5
000067,1043.299,332.931,1
000067,298.368,309.777,3
000067,453.175,372.919,4
000067,633.514,286.826,2
000067,877.016,372.930,5
000068,1043.356,332.952,1
000068,304.033,309.767,3
000068,458.769,372.878,4
000068,633.516,284.202,2
000068,879.786,372.938,5
000069,1046.040,332.932,1
000069,304.167,309.760,3
000069,461.704,372.842,4
000069,633.586,284.179,2
000069,879.909,375.595,5
000070,1046.116,332.905,1
000070,306.877,309.771,3
000070,464.573,372.843,4
000070,633.626,284.186,2
000070,880.024,375.600,5
000071,1048.895,332.938,1
000071,307.006,309.885,3
000071,467.358,372.934,4
000071,636.436,286.844,2
000071,882.757,375.614,5
000072,1051.795,335.693,1
000072,309.803,310.019,3
000072,467.520,375.662,4
000072,639.295,286.872,2
000072,882.941,375.684,5
000073,1057.447,338.537,1
000073,309.969,312.760,3
000073,470.232,375.761,4
000073,642.185,286.936,2
000073,885.692,375.802,5
000074,1057.500,344.261,1
000074,315.594,312.795,3
000074,470.344,375.872,4
000074,647.765,289.804,2
000074,888.507,378.522,5
000075,1060.254,347.154,1
000075,315.605,318.516,3
000075,470.427,378.675,4
000075,647.921,292.634,2
000075,891.375,378.760,5
000076,1060.309,349.973,1
000076,318.413,321.353,3
000076,473.162,378.770,4
000076,650.630,292.730,2
000076,894.249,381.586,5
000077,1060.391,352.698,1
000077,318.510,324.187,3
000077,475.993,381.584,4
000077,650.646,295.503,2
000077,897.105,387.212,5
000078,1060.401,352.687,1
000078,324.118,327.011,3
000078,478.875,381.592,4
000078,650.689,295.559,2
000078,899.906,387.214,5
000079,1063.080,352.667,1
000079,326.995,327.045,3
000079,484.539,381.584,4
000079,650.731,295.549,2
000079,900.007,390.099,5
000080,1063.208,352.668,1
000080,327.111,324.186,3
000080,484.592,381.482,4
000080,650.781,295.548,2
000080,902.701,387.224,5
000081,1063.269,349.855,1
000081,327.065,315.665,3
000081,484.575,378.746,4
000081,650.799,295.547,2
000081,902.735,381.568,5
000082,1063.322,344.228,1
000082,326.970,315.601,3
000082,484.535,378.634,4
000082,650.764,289.881,2
000082,902.718,381.431,5
000083,1063.346,341.350,1
000083,321.285,315.551,3
000083,478.918,375.832,4
000083,650.717,287.099,2
000083,902.675,378.581,5
000084,1063.326,335.723,1
000084,315.626,309.903,3
000084,478.840,375.689,4
000084,650.621,286.935,2
000084,899.992,375.829,5
000085,1063.238,335.683,1
000085,312.800,309.810,3
000085,475.989,375.583,4
000085,650.643,286.894,2
000085,899.923,375.666,5
000086,1063.234,332.937,1
000086,312.718,307.060,3
000086,473.264,372.806,4
000086,650.602,284.191,2
000086,897.110,375.622,5
000087,1063.184,332.777,1
000087,309.992,307.068,3
000087,473.163,372.780,4
000087,647.895,284.095,2
000087,891.430,372.888,5
000088,1063.144,332.735,1
000088,309.868,306.994,3
000088,470.427,369.992,4
000088,647.799,284.087,2
000088,888.520,372.771,5
000089,1063.071,332.692,1
000089,309.749,307.044,3
000089,470.279,370.016,4
000089,644.966,284.086,2
000089,885.688,370.017,5
000090,1060.348,332.741,1
000090,307.080,306.994,3
000090,467.559,369.972,4
000090,642.118,284.109,2
000090,882.932,372.834,5
000091,1054.665,332.751,1
000091,306.883,307.031,3
000091,467.417,369.982,4
000091,636.404,284.182,2
000091,882.691,372.831,5
000092,1048.990,332.855,1
000092,304.055,307.120,3
000092,467.300,372.817,4
000092,633.630,286.854,2
000092,879.992,372.906,5
000093,1046.115,332.921,1
000093,301.327,309.757,3
000093,464.487,372.932,4
000093,633.528,286.907,2
000093,879.864,372.917,5
000094,1046.062,332.942,1
000094,301.243,309.854,3
000094,458.836,375.598,4
000094,630.794,286.929,2
000094,879.749,375.597,5
000095,1043.295,332.932,1
000095,298.407,309.877,3
000095,453.121,375.643,4
000095,630.724,286.935,2
000095,876.988,375.616,5
000096,1043.214,332.950,1
000096,295.528,309.989,3
000096,450.324,375.682,4
000096,630.622,286.899,2
000096,874.138,375.659,5
000097,1043.114,332.954,1
000097,289.888,309.972,3
000097,450.202,375.744,4
000097,627.945,286.824,2
000097,865.616,375.626,5
000098,1043.128,332.959,1
000098,289.866,310.001,3
000098,447.473,375.703,4
000098,627.911,286.851,2
000098,865.594,375.661,5
000099,1043.133,335.614,1
000099,289.841,312.685,3
000099,447.388,375.685,4
000099,627.870,284.222,2
000099,862.801,375.624,5
000100,1043.091,335.641,1
000100,287.129,312.684,3
000100,447.344,375.665,4
000100,627.843,286.867,2
000100,862.696,375.607,5
000101,1043.063,335.624,1
000101,287.104,312.753,3
000101,447.268,375.674,4
000101,627.829,286.864,2
000101,860.001,375.586,5
000102,1040.406,335.615,1
000102,287.068,312.713,3
000102,447.268,375.661,4
000102,627.810,286.857,2
000102,859.987,372.934,5
000103,1040.352,332.950,1
000103,287.078,312.759,3
000103,444.636,375.697,4
000103,627.804,286.855,2
000103,859.997,372.943,5
000104,1040.311,332.951,1
000104,287.039,312.718,3
000104,444.636,375.723,4
000104,627.796,286.843,2
000104,860.015,375.586,5
000105,1040.287,335.594,1
000105,287.061,312.714,3
000105,447.267,375.720,4
000105,627.746,286.901,2
000105,860.007,375.625,5
000106,1040.252,335.629,1
000106,287.073,312.729,3
000106,447.285,375.746,4
000106,627.751,286.901,2
000106,859.999,375.668,5
000107,1040.255,335.667,1
000107,287.113,312.821,3
000107,447.313,375.841,4
000107,627.785,286.958,2
000107,860.025,375.719,5
000108,1040.273,335.727,1
000108,289.790,315.616,3
000108,447.363,378.537,4
000108,627.818,286.998,2
000108,862.694,375.818,5
000109,1040.250,338.520,1
000109,289.799,318.422,3
000109,447.371,378.567,4
000109,627.809,287.053,2
000109,862.736,378.497,5
000110,1040.249,338.585,1
000110,289.838,318.414,3
000110,447.387,378.616,4
000110,627.815,287.083,2
000110,862.759,378.590,5
000111,1040.327,338.565,1
000111,289.888,318.438,3
000111,447.477,378.569,4
000111,627.872,287.068,2
000111,862.812,378.591,5
000112,1040.409,338.473,1
000112,292.668,315.582,3
000112,447.507,378.553,4
000112,627.903,287.025,2
000112,865.577,378.506,5
000113,1043.068,335.741,1
000113,289.942,312.733,3
000113,450.242,375.831,4
000113,630.580,286.951,2
000113,865.661,375.755,5
000114,1043.137,335.621,1
000114,292.747,309.901,3
000114,450.324,375.728,4
000114,630.655,286.882,2
000114,871.337,375.676,5
000115,1043.234,332.943,1
000115,295.523,309.755,3
000115,453.050,375.626,4
000115,630.752,286.841,2
000115,874.195,375.601,5
000116,1043.307,332.929,1
000116,298.352,309.791,3
000116,453.167,372.923,4
000116,633.515,284.216,2
000116,877.027,372.922,5
000117,1043.369,332.941,1
000117,301.289,309.802,3
000117,458.767,372.880,4
000117,633.511,284.209,2
000117,879.793,372.925,5
000118,1046.036,332.910,1
000118,304.146,309.754,3
000118,461.709,372.822,4
000118,633.594,284.184,2
000118,879.921,375.587,5
000119,1046.124,332.900,1
000119,306.848,307.139,3
000119,464.580,372.820,4
000119,633.644,284.158,2
000119,880.017,375.616,5
000120,1048.886,332.925,1
000120,307.028,309.849,3
000120,467.364,372.916,4
000120,636.440,286.828,2
000120,882.752,375.624,5
000121,1051.783,335.678,1
000121,309.830,309.994,3
000121,467.521,375.651,4
000121,639.297,286.861,2
000121,882.943,375.678,5
000122,1057.444,338.490,1
000122,309.971,312.810,3
000122,470.230,375.745,4
000122,642.197,286.920,2
000122,885.676,375.812,5
000123,1057.479,341.436,1
000123,315.644,312.819,3
000123,470.359,375.871,4
000123,647.802,289.795,2
000123,888.503,378.515,5
000124,1057.562,347.064,1
000124,315.580,321.298,3
000124,470.444,378.670,4
000124,650.591,292.683,2
000124,891.346,378.757,5
000125,1060.323,349.961,1
000125,318.441,324.196,3
000125,473.167,378.783,4
000125,650.649,295.494,2
000125,894.229,381.583,5
000126,1060.386,352.700,1
000126,318.465,324.200,3
000126,475.991,381.556,4
000126,650.671,298.360,2
000126,897.084,387.236,5
000127,1060.375,352.682,1
000127,324.153,327.010,3
000127,478.880,381.584,4
000127,650.714,295.585,2
000127,899.879,390.033,5
000128,1063.080,352.691,1
000128,326.993,326.957,3
000128,484.538,381.584,4
000128,650.753,295.554,2
000128,899.989,390.108,5
000129,1063.210,352.672,1
000129,327.113,324.227,3
000129,484.590,381.486,4
000129,650.802,295.561,2
000129,902.705,390.016,5
000130,1063.265,347.139,1
000130,327.056,318.418,3
000130,481.791,378.690,4
000130,650.801,292.728,2
000130,902.719,381.531,5
000131,1063.307,344.241,1
000131,326.991,315.629,3
000131,481.794,378.636,4
000131,650.772,289.907,2
000131,902.712,381.437,5
000132,1063.335,341.341,1
000132,321.291,315.603,3
000132,478.919,375.842,4
000132,650.730,287.117,2
000132,902.684,378.560,5
000133,1063.313,335.719,1
000133,315.601,309.955,3
000133,478.863,375.686,4
000133,650.651,286.976,2
000133,900.002,375.836,5
000134,1063.236,335.673,1
000134,312.804,309.803,3
000134,476.006,372.947,4
000134,650.624,286.878,2
000134,899.884,375.659,5
000135,1063.233,332.911,1
000135,312.723,307.066,3
000135,473.261,372.833,4
000135,650.602,284.190,2
000135,897.107,375.636,5
000136,1063.197,332.787,1
000136,309.975,307.105,3
000136,473.166,372.792,4
000136,647.908,284.109,2
000136,894.222,372.920,5
000137,1063.141,332.721,1
000137,309.859,307.014,3
000137,470.421,369.997,4
000137,647.783,284.103,2
000137,888.508,372.801,5
000138,1063.075,332.708,1
000138,309.760,307.017,3
000138,470.291,370.028,4
000138,644.976,284.097,2
000138,885.684,372.771,5
000139,1057.537,332.805,1
000139,306.991,307.003,3
000139,467.522,370.067,4
000139,644.942,284.191,2
000139,885.612,375.601,5
000140,1048.956,332.890,1
000140,306.841,309.848,3
000140,467.386,375.615,4
000140,639.290,286.940,2
000140,882.909,375.700,5
000141,1048.924,335.613,1
000141,304.093,310.019,3
000141,467.279,375.748,4
000141,636.486,287.013,2
000141,882.889,375.820,5
000142,1046.171,335.691,1
000142,304.116,312.810,3
000142,464.542,375.849,4
000142,636.450,287.006,2
000142,882.924,378.530,5
000143,1046.118,335.747,1
000143,304.185,318.490,3
000143,461.732,378.510,4
000143,636.392,287.112,2
000143,885.645,378.586,5
000144,1046.116,335.759,1
000144,306.900,324.146,3
000144,461.634,378.568,4
000144,633.660,289.802,2
000144,885.707,378.688,5
000145,1048.916,338.492,1
000145,307.059,329.764,3
000145,461.641,378.660,4
000145,633.628,289.856,2
000145,885.727,378.669,5
000146,1051.806,338.487,1
000146,307.096,329.838,3
000146,461.660,378.687,4
000146,633.630,289.873,2
000146,885.750,378.678,5
000147,1057.484,338.490,1
000147,307.107,329.835,3
000147,461.666,378.683,4
000147,633.627,289.866,2
000147,885.746,378.680,5
000148,1060.278,338.503,1
000148,307.111,329.827,3
000148,461.667,378.685,4
000148,633.627,289.858,2
000148,885.744,378.686,5
000149,1060.427,338.525,1
000149,307.127,329.823,3
000149,461.671,378.685,4
000149,633.630,289.875,2
000149,885.744,378.684,5
000150,1063.117,338.518,1
000150,309.742,329.821,3
000150,461.688,378.684,4
000150,633.636,289.880,2
000150,885.749,378.664,5
000151,1063.163,338.505,1
000151,309.748,329.820,3
000151,461.685,378.689,4
000151,633.627,289.871,2
000151,885.751,378.661,5
000152,1063.226,338.507,1
000152,309.760,329.820,3
000152,461.683,378.693,4
000152,633.621,289.872,2
000152,885.751,378.660,5
000153,1063.247,338.526,1
000153,309.766,329.813,3
000153,461.665,378.689,4
000153,633.614,289.866,2
000153,885.751,378.660,5
000154,1063.261,338.524,1
000154,309.772,329.812,3
000154,461.644,378.688,4
000154,633.611,289.869,2
000154,885.745,378.655,5
000155,1063.263,338.521,1
000155,309.775,329.808,3
000155,461.630,378.696,4
000155,633.601,289.868,2
000155,885.750,378.660,5
000156,1063.256,338.520,1
000156,309.776,329.809,3
000156,461.623,378.694,4
000156,633.597,289.872,2
000156,885.750,378.662,5
000157,1063.232,338.579,1
000157,309.777,329.807,3
000157,461.620,378.698,4
000157,633.602,289.869,2
000157,885.751,378.669,5
000158,1063.155,338.574,1
000158,309.776,329.807,3
000158,461.617,378.700,4
000158,633.603,289.870,2
000158,885.743,378.672,5
000159,1063.095,338.568,1
000159,309.770,329.802,3
000159,461.611,378.711,4
000159,633.596,289.869,2
000159,885.750,378.686,5
000160,1057.447,338.568,1
000160,309.768,329.796,3
000160,458.873,378.727,4
000160,633.591,289.869,2
000160,885.760,378.681,5
000161,1048.929,338.567,1
000161,309.767,329.792,3
000161,458.858,378.742,4
000161,633.589,289.863,2
000161,885.755,378.698,5
000162,1046.061,338.514,1
000162,309.775,329.795,3
000162,458.839,378.766,4
000162,633.590,289.866,2
000162,885.749,378.718,5
000163,1043.254,338.504,1
000163,309.777,329.792,3
000163,458.838,378.765,4
000163,633.580,289.884,2
000163,885.746,378.737,5
000164,1043.055,338.518,1
000164,309.782,329.784,3
000164,458.829,378.773,4
000164,633.579,289.900,2
000164,885.748,378.732,5
000165,1040.334,338.544,1
000165,309.783,329.780,3
000165,458.823,378.776,4
000165,633.582,289.898,2
000165,885.730,378.751,5
000166,1040.241,338.504,1
000166,309.777,329.769,3
000166,458.823,378.774,4
000166,633.574,289.886,2
000166,885.726,378.751,5
000167,1040.180,338.479,1
000167,309.770,329.758,3
000167,458.820,378.779,4
000167,633.566,289.880,2
000167,885.724,378.751,5
000168,1037.454,335.740,1
000168,309.771,329.763,3
000168,458.822,378.780,4
000168,633.566,289.881,2
000168,885.724,378.755,5
000169,1037.384,335.694,1
000169,309.767,329.765,3
000169,458.815,378.778,4
000169,633.567,289.882,2
000169,885.704,378.755,5
000170,1034.579,335.715,1
000170,309.767,329.766,3
000170,458.799,378.787,4
000170,633.575,289.898,2
000170,885.698,378.764,5
000171,1034.565,335.722,1
000171,309.764,327.109,3
000171,458.788,378.790,4
000171,633.583,289.905,2
000171,885.691,378.764,5
000172,1034.566,335.702,1
000172,309.766,327.101,3
000172,458.777,381.426,4
000172,633.590,289.909,2
000172,885.693,378.772,5
000173,1034.609,335.691,1
000173,309.775,327.091,3
000173,458.777,381.427,4
000173,633.589,289.905,2
000173,885.673,378.776,5
000174,1034.642,335.703,1
000174,309.775,327.084,3
000174,458.774,381.428,4
000174,633.588,289.905,2
000174,885.667,378.789,5
000175,1037.396,335.699,1
000175,309.779,327.081,3
000175,458.775,381.426,4
000175,633.590,289.901,2
000175,885.661,381.429,5
000176,1037.469,335.686,1
000176,309.779,327.082,3
000176,458.769,378.791,4
000176,633.588,289.898,2
000176,885.657,381.436,5
000177,1037.493,335.696,1
000177,309.776,327.076,3
000177,456.004,381.428,4
000177,633.579,289.884,2
000177,885.648,381.436,5
000178,1040.224,335.632,1
000178,309.777,327.082,3
000178,455.993,381.430,4
000178,633.583,289.885,2
000178,885.637,381.438,5
000179,1040.293,335.688,1
000179,309.772,327.080,3
000179,455.977,378.793,4
000179,633.589,289.885,2
000179,885.627,381.441,5
000180,1040.336,335.696,1
000180,309.776,327.086,3
000180,455.964,381.427,4
000180,633.589,289.889,2
000180,885.629,381.455,5
000181,1040.417,335.715,1
000181,309.773,327.080,3
000181,455.961,381.433,4
000181,633.588,289.886,2
000181,885.641,381.455,5
000182,1043.064,335.731,1
000182,309.773,327.075,3
000182,455.950,381.436,4
000182,633.587,289.898,2
000182,885.656,381.456,5
000183,1043.087,335.767,1
000183,309.777,327.072,3
000183,455.940,381.448,4
000183,633.594,289.894,2
000183,885.658,381.453,5
000184,1043.099,335.765,1
000184,309.776,327.047,3
000184,455.930,381.456,4
000184,633.602,289.884,2
000184,885.652,381.446,5
000185,1043.103,335.766,1
000185,309.777,327.031,3
000185,455.911,381.458,4
000185,633.606,289.879,2
000185,885.645,381.450,5
000186,1043.103,335.769,1
000186,309.770,327.017,3
000186,453.165,381.468,4
000186,633.618,289.870,2
000186,885.640,381.451,5
000187,1043.102,338.466,1
000187,309.773,327.017,3
000187,453.166,381.468,4
000187,633.616,289.874,2
000187,885.624,381.445,5
000188,1043.100,338.466,1
000188,309.767,327.016,3
000188,453.155,381.467,4
000188,633.621,289.879,2
000188,885.621,381.439,5
000189,1043.104,338.465,1
000189,309.773,327.009,3
000189,453.153,381.463,4
000189,633.633,289.882,2
000189,885.620,381.435,5
000190,1043.105,335.768,1
000190,309.773,327.014,3
000190,453.145,381.460,4
000190,633.646,289.896,2
000190,885.620,381.435,5
000191,1043.112,335.764,1
000191,309.774,327.026,3
000191,453.139,381.460,4
000191,633.644,289.909,2
000191,885.613,381.435,5
000192,1043.115,335.761,1
000192,309.777,327.035,3
000192,453.139,381.453,4
000192,633.650,289.919,2
000192,885.609,381.430,5
000193,1043.115,335.763,1
000193,309.776,327.044,3
000193,453.145,381.445,4
000193,633.662,289.929,2
000193,885.603,381.426,5
000194,1043.116,335.760,1
000194,309.772,327.048,3
000194,453.146,381.446,4
000194,633.671,289.926,2
000194,885.599,381.430,5
000195,1043.113,335.763,1
000195,309.771,327.052,3
000195,453.160,381.438,4
000195,633.682,289.925,2
000195,885.591,381.431,5
000196,1043.109,335.768,1
000196,309.780,327.043,3
000196,453.168,381.440,4
000196,633.684,289.916,2
000196,885.589,378.788,5
000197,1043.102,338.466,1
000197,309.785,327.021,3
000197,453.176,381.441,4
000197,636.379,289.909,2
000197,882.954,378.775,5
000198,1043.104,335.766,1
000198,309.798,327.036,3
000198,455.920,381.442,4
000198,636.388,289.903,2
000198,882.947,378.770,5
000199,1043.100,335.763,1
000199,309.799,327.038,3
000199,455.921,381.442,4
000199,636.388,289.889,2
000199,882.935,378.763,5
000200,1043.097,335.768,1
000200,309.789,327.025,3
000200,455.939,381.447,4
000200,636.387,289.890,2
000200,882.925,378.761,5
000201,1043.103,335.764,1
000201,309.785,327.025,3
000201,455.968,381.429,4
000201,636.401,289.883,2
000201,885.593,378.741,5
000202,1043.093,335.767,1
000202,309.788,327.024,3
000202,455.998,378.787,4
000202,636.400,289.879,2
000202,885.660,378.693,5
000203,1043.095,335.772,1
000203,309.793,327.035,3
000203,458.768,378.779,4
000203,636.396,289.874,2
000203,885.730,378.638,5
000204,1043.092,335.771,1
000204,309.793,327.034,3
000204,458.780,378.779,4
000204,636.395,289.865,2
000204,888.527,378.607,5
000205,1043.094,335.772,1
000205,309.799,327.053,3
000205,458.801,378.766,4
000205,636.397,289.873,2
000205,891.388,378.600,5
000206,1043.095,335.772,1
000206,309.803,327.086,3
000206,458.826,378.758,4
000206,636.406,289.884,2
000206,894.214,378.622,5
000207,1043.100,335.770,1
000207,309.814,327.110,3
000207,458.840,378.751,4
000207,636.408,289.878,2
000207,897.108,378.603,5
000208,1043.095,335.767,1
000208,309.815,329.773,3
000208,458.848,378.747,4
000208,636.405,289.878,2
000208,902.723,378.584,5
000209,1043.093,335.755,1
000209,309.810,329.779,3
000209,458.869,378.746,4
000209,636.417,289.876,2
000209,905.758,378.523,5
000210,1043.096,335.755,1
000210,309.810,329.789,3
000210,458.868,378.739,4
000210,636.405,289.868,2
000210,914.270,378.628,5
000211,1043.078,338.471,1
000211,309.816,329.792,3
000211,461.614,378.750,4
000211,636.414,289.868,2
000211,922.897,378.688,5
000212,1043.068,338.476,1
000212,309.828,329.796,3
000212,461.635,378.750,4
000212,636.417,289.872,2
000212,928.717,378.696,5
000213,1040.431,335.770,1
000213,309.828,329.795,3
000213,461.635,378.743,4
000213,636.423,289.871,2
000213,940.076,381.433,5
000214,1040.355,335.759,1
000214,309.824,329.794,3
000214,461.642,378.746,4
000214,636.421,289.879,2
000214,951.470,378.781,5
000215,1040.370,335.691,1
000215,309.822,329.794,3
000215,461.642,378.751,4
000215,636.419,289.879,2
000215,960.179,381.586,5
000216,1043.048,335.637,1
000216,309.818,329.797,3
000216,461.641,378.751,4
000216,636.410,289.874,2
000216,974.383,381.602,5
000217,1040.467,335.643,1
000217,309.815,329.806,3
000217,461.640,378.749,4
000217,636.419,289.858,2
000217,980.239,384.318,5
000218,1040.357,335.607,1
000218,309.794,329.797,3
000218,461.646,378.745,4
000218,636.412,289.857,2
000218,994.452,387.157,5
000219,1000.236,387.184,5
000219,1040.459,332.921,1
000219,309.762,329.808,3
000219,461.657,378.746,4
000219,636.413,289.858,2
000220,1017.279,384.389,5
000220,1043.283,335.617,1
000220,309.751,329.805,3
000220,461.666,378.750,4
000220,636.418,289.862,2
000221,1025.998,378.664,5
000221,307.133,329.817,3
000221,461.667,378.747,4
000221,636.429,289.870,2
000222,1037.424,332.884,1
000222,1040.161,378.583,5
000222,307.129,329.829,3
000222,461.665,378.745,4
000222,636.412,289.866,2
000223,1040.204,338.526,1
000223,1043.253,375.743,5
000223,307.118,329.832,3
000223,461.664,378.743,4
000223,636.411,289.865,2
000224,1040.327,335.657,1
000224,1060.299,378.635,5
000224,307.102,329.814,3
000224,461.667,378.744,4
000224,636.424,289.867,2
000225,1040.273,335.636,1
000225,1066.156,378.728,5
000225,307.086,329.820,3
000225,461.670,378.743,4
000225,636.415,289.862,2
000226,1040.223,335.632,1
000226,1083.328,381.576,5
000226,307.063,329.836,3
000226,461.667,378.743,4
000226,636.421,289.853,2
000227,1040.305,335.660,1
000227,1089.119,387.274,5
000227,307.052,329.850,3
000227,461.672,378.743,4
000227,636.422,289.869,2
000228,1040.280,335.707,1
000228,1103.387,390.118,5
000228,307.039,329.850,3
000228,461.673,378.742,4
000228,636.421,289.868,2
000229,1040.252,335.748,1
000229,1111.997,395.826,5
000229,307.039,329.850,3
000229,461.657,378.744,4
000229,636.426,289.875,2
000230,1040.255,335.764,1
000230,1131.836,398.527,5
000230,307.033,329.843,3
000230,461.617,378.711,4
000230,636.424,289.874,2
000231,1040.278,335.732,1
000231,1134.982,398.664,5
000231,307.043,329.842,3
000231,458.790,378.714,4
000231,636.429,289.878,2
000232,1040.277,335.760,1
000232,1154.983,398.577,5
000232,307.049,329.843,3
000232,458.781,378.694,4
000232,636.441,289.881,2
000233,1040.289,335.755,1
000233,1172.063,395.861,5
000233,307.078,329.858,3
000233,458.811,378.682,4
000233,636.438,289.881,2
000234,1040.290,335.760,1
000234,1180.743,395.762,5
000234,307.098,329.857,3
000234,458.877,378.705,4
000234,636.426,289.893,2
000235,1040.287,335.769,1
000235,1200.670,384.393,5
000235,307.116,329.837,3
000235,461.734,381.433,4
000235,636.412,289.898,2
000236,1040.287,338.467,1
000236,1206.563,381.525,5
000236,307.121,329.821,3
000236,464.534,384.307,4
000236,636.416,289.911,2
000237,1040.288,338.472,1
000237,1223.717,378.761,5
000237,307.134,329.819,3
000237,464.607,384.421,4
000237,636.414,289.911,2
000238,1040.288,338.474,1
000238,1243.750,378.574,5
000238,309.747,329.818,3
000238,467.266,390.052,4
000238,636.397,289.913,2
000239,1040.285,338.479,1
000239,1252.261,375.884,5
000239,309.764,329.818,3
000239,464.535,395.689,4
000239,633.667,289.925,2
000240,1040.284,338.465,1
000240,1275.311,378.499,5
000240,309.771,329.828,3
000240,455.957,398.510,4
000240,633.640,289.919,2
000241,1040.282,338.481,1
000241,1275.337,378.725,5
000241,309.782,329.829,3
000241,450.221,398.637,4
000241,633.630,289.915,2
000242,1040.284,338.472,1
000242,1275.347,378.686,5
000242,309.791,329.819,3
000242,444.603,401.463,4
000242,633.625,289.905,2
000243,1040.282,338.476,1
000243,1275.352,398.548,5
000243,309.781,329.825,3
000243,441.535,404.382,4
000243,633.622,289.900,2
000244,1040.281,338.481,1
000244,309.792,329.826,3
000244,427.365,412.976,4
000244,633.617,289.894,2
000245,1040.282,338.478,1
000245,309.796,329.834,3
000245,421.702,418.705,4
000245,633.609,289.886,2
000246,1040.282,338.476,1
000246,309.787,329.815,3
000246,412.942,421.645,4
000246,633.619,289.899,2
000247,1040.281,338.476,1
000247,309.804,329.850,3
000247,401.406,424.501,4
000247,633.609,289.887,2
000248,1040.281,338.472,1
000248,309.799,329.837,3
000248,392.905,427.404,4
000248,633.581,289.848,2
000249,1040.282,338.478,1
000249,309.812,329.828,3
000249,378.682,430.210,4
000249,633.580,289.843,2
000250,1040.279,338.475,1
000250,309.788,329.857,3
000250,372.938,433.033,4
000250,633.579,289.843,2
000251,1040.281,338.476,1
000251,309.782,329.875,3
000251,355.724,438.767,4
000251,633.595,289.852,2
000252,1040.276,338.480,1
000252,309.801,329.848,3
000252,352.674,435.938,4
000252,633.594,289.845,2
000253,1040.276,338.479,1
000253,309.772,329.812,3
000253,335.709,441.612,4
000253,633.600,289.856,2
000254,1040.276,338.482,1
000254,309.736,329.797,3
000254,329.966,441.572,4
000254,633.593,289.851,2
000255,1040.275,338.477,1
000255,309.751,329.810,3
000255,315.668,444.502,4
000255,633.593,289.853,2
000256,1040.273,338.478,1
000256,306.868,447.356,4
000256,309.768,329.810,3
000256,633.590,289.853,2
000257,1040.274,338.478,1
000257,289.798,450.298,4
000257,309.780,329.778,3
000257,633.587,289.859,2
000258,1040.277,338.483,1
000258,281.101,467.276,4
000258,309.786,329.766,3
000258,633.586,289.862,2
000259,1040.274,338.484,1
000259,263.976,470.446,4
000259,309.780,329.767,3
000259,633.584,289.864,2
000260,1040.277,338.503,1
000260,249.691,487.378,4
000260,309.777,329.790,3
000260,633.570,289.828,2
000261,1040.281,338.498,1
000261,238.285,493.197,4
000261,309.778,329.777,3
000261,633.572,289.842,2
000262,1040.282,338.494,1
000262,221.044,501.758,4
000262,309.783,329.766,3
000262,633.558,289.872,2
000263,1040.282,338.503,1
000263,201.019,516.018,4
000263,309.785,329.769,3
000263,633.560,289.872,2
000264,1040.282,338.500,1
000264,186.635,519.092,4
000264,309.783,329.766,3
000264,633.557,289.874,2
000265,1040.290,338.504,1
000265,169.559,530.376,4
000265,309.781,329.768,3
000265,633.560,289.876,2
000266,1040.295,338.505,1
000266,149.510,533.232,4
000266,309.785,329.767,3
000266,633.554,289.881,2
000267,1040.304,338.491,1
000267,132.246,536.131,4
000267,309.783,329.770,3
000267,633.554,289.892,2
000268,1040.305,338.489,1
000268,120.773,538.929,4
000268,309.788,329.782,3
000268,633.551,289.887,2
000269,103.637,536.280,4
000269,1040.306,338.491,1
000269,309.787,329.771,3
000269,633.551,289.882,2
000270,1040.312,338.500,1
000270,309.782,329.762,3
000270,633.549,289.870,2
000270,80.610,541.865,4
000271,1040.317,338.503,1
000271,309.790,327.103,3
000271,54.832,558.989,4
000271,633.552,289.868,2
000272,1040.322,338.499,1
000272,309.789,327.093,3
000272,633.559,289.875,2
000272,7.596,579.051,4
000273,1040.322,338.497,1
000273,309.780,327.082,3
000273,633.560,289.883,2
000274,1040.323,338.492,1
000274,309.775,327.062,3
000274,633.563,289.887,2
000275,1040.328,338.493,1
000275,309.772,327.054,3
000275,633.568,289.886,2
000276,1040.348,335.714,1
000276,309.760,327.031,3
000276,633.590,289.896,2
000277,1040.356,335.694,1
000277,309.736,326.968,3
000277,633.592,289.862,2
000278,1040.362,335.672,1
000278,309.740,326.944,3
000278,633.535,289.813,2
000279,1040.350,335.597,1
000279,307.139,326.957,3
000279,633.545,289.847,2
000280,1040.356,332.886,1
000280,307.087,321.342,3
000280,630.858,289.928,2
000281,1040.341,332.864,1
000281,307.076,318.505,3
000281,630.742,295.502,2
000282,1040.347,332.782,1
000282,307.023,315.641,3
000282,630.579,298.397,2
000283,1040.343,332.672,1
000283,307.003,315.644,3
000283,627.968,298.421,2
000284,1040.342,329.992,1
000284,306.990,315.618,3
000284,627.950,301.205,2
000285,1040.326,329.908,1
000285,306.969,312.782,3
000285,627.942,298.371,2
000286,1040.300,329.877,1
000286,306.891,310.013,3
000286,627.918,292.747,2
000287,1040.268,329.818,1
000287,306.878,309.962,3
000287,627.943,295.532,2
000288,1040.272,327.100,1
000288,304.164,309.898,3
000288,627.973,298.438,2
000289,1040.272,326.936,1
000289,304.138,309.758,3
000289,630.584,304.062,2
000290,1040.233,324.114,1
000290,304.174,307.066,3
000290,630.623,304.122,2
000291,1037.521,318.504,1
000291,304.101,306.977,3
000291,630.665,306.932,2
000292,1037.461,315.629,1
000292,301.318,306.989,3
000292,630.732,307.041,2
000293,1037.414,312.850,1
000293,301.305,306.938,3
000293,630.865,307.134,2
000294,1037.362,312.724,1
000294,301.250,304.128,3
000294,633.674,306.990,2
000295,1034.547,309.928,1
000295,298.415,304.035,3
000295,647.794,306.936,2
000296,1031.743,309.809,1
000296,295.596,298.401,3
000296,650.599,306.866,2
000297,1031.678,307.085,1
000297,295.529,292.728,3
000297,650.607,304.016,2
000298,1028.841,306.965,1
000298,292.732,292.650,3
000298,650.687,298.368,2
000299,1026.058,306.910,1
000299,292.702,289.860,3
000299,650.729,292.640,2
000300,1026.079,304.183,1
000300,292.637,289.771,3
000300,650.791,289.878,2
000301,1025.996,304.027,1
000301,289.931,287.062,3
000301,650.810,289.829,2
000302,1025.967,301.223,1
000302,289.917,287.018,3
000302,650.819,287.019,2
000303,1023.254,298.377,1
000303,289.901,286.944,3
000303,650.815,286.971,2
000304,1023.209,292.755,1
000304,289.834,286.873,3
000304,650.820,286.876,2
000305,1023.170,292.697,1
000305,289.792,284.215,3
000305,650.773,286.880,2
000306,1023.136,292.644,1
000306,287.108,284.169,3
000306,650.716,286.879,2
000307,1023.135,289.883,1
000307,287.067,284.107,3
000307,650.666,286.826,2
000308,1023.133,289.833,1
000308,287.043,284.109,3
000308,650.624,284.200,2
000309,1023.111,289.783,1
000309,286.996,284.065,3
000309,647.931,284.163,2
000310,1020.452,287.066,1
000310,286.963,284.016,3
000310,647.792,284.157,2
000311,1023.099,287.011,1
000311,286.901,283.958,3
000311,644.981,284.118,2
000312,1020.450,286.969,1
000312,286.877,283.976,3
000312,639.324,284.107,2
000313,1020.431,286.951,1
000313,286.870,283.952,3
000313,636.505,284.069,2
000314,1020.421,286.930,1
000314,286.836,283.932,3
000314,636.422,284.035,2
000315,1020.416,286.898,1
000315,286.823,281.253,3
000315,636.401,284.021,2
000316,1020.406,286.876,1
000316,284.216,281.207,3
000316,633.679,283.997,2
000317,1020.412,286.855,1
000317,284.204,281.202,3
000317,633.677,283.984,2
000318,1020.404,284.221,1
000318,284.204,281.188,3
000318,633.679,281.280,2
000319,1020.401,284.213,1
000319,284.206,281.154,3
000319,636.385,283.969,2
000320,1020.407,284.179,1
000320,284.190,281.123,3
000320,636.393,283.979,2
000321,1020.406,284.161,1
000321,284.201,281.125,3
000321,633.671,283.954,2
000322,1020.396,284.172,1
000322,284.221,281.137,3
000322,633.681,283.934,2
000323,1020.404,284.189,1
000323,284.224,281.130,3
000323,636.388,283.918,2
000324,1020.408,284.197,1
000324,286.840,281.139,3
000324,633.688,281.266,2
000325,1020.426,284.195,1
000325,286.829,281.129,3
000325,636.380,281.246,2
000326,1020.442,286.829,1
000326,286.835,281.126,3
000326,633.675,281.255,2
000327,1023.102,286.887,1
000327,286.838,281.127,3
000327,633.673,281.242,2
000328,1023.136,286.946,1
000328,286.847,281.127,3
000328,633.669,281.254,2
000329,1023.151,286.995,1
000329,286.849,281.111,3
000329,633.664,281.260,2
000330,1023.183,287.075,1
000330,286.851,278.407,3
000330,633.661,281.257,2
000331,1023.187,289.760,1
000331,286.851,278.402,3
000331,633.660,281.258,2
000332,1023.211,289.833,1
000332,286.854,278.393,3
000332,633.661,281.255,2
000333,1023.184,289.844,1
000333,286.855,278.395,3
000333,633.662,281.265,2
000334,1023.132,289.850,1
000334,286.854,278.395,3
000334,633.671,281.261,2
000335,1023.084,289.836,1
000335,286.852,278.401,3
000335,633.687,281.252,2
000336,1020.327,289.802,1
000336,286.849,278.395,3
000336,636.385,281.254,2
000337,1020.189,289.809,1
000337,286.845,278.391,3
000337,636.397,281.248,2
000338,1017.477,289.852,1
000338,286.840,278.379,3
000338,636.422,281.263,2
000339,1017.305,289.902,1
000339,286.837,278.367,3
000339,636.438,281.265,2
000340,1014.450,292.738,1
000340,286.838,278.362,3
000340,636.442,281.262,2
000341,1003.112,301.207,1
000341,286.832,278.352,3
000341,636.453,281.269,2
000342,286.833,278.337,3
000342,636.457,281.271,2
000342,997.427,301.264,1
000343,286.832,278.333,3
000343,636.484,281.272,2
000343,994.506,304.121,1
000344,286.830,278.318,3
000344,636.486,281.279,2
000344,988.717,306.955,1
000345,286.828,278.309,3
000345,636.485,281.275,2
000345,974.595,307.122,1
000346,286.827,278.291,3
000346,636.508,281.273,2
000346,971.498,309.793,1
000347,286.824,275.539,3
000347,639.245,281.273,2
000347,960.150,307.098,1
000348,286.821,275.525,3
000348,639.248,281.282,2
000348,951.529,307.088,1
000349,286.822,275.520,3
000349,639.268,281.280,2
000349,945.848,309.770,1
000350,286.824,275.506,3
000350,639.267,283.921,2
000350,934.416,306.949,1
000351,286.818,275.505,3
000351,639.261,283.923,2
000351,928.724,304.196,1
000352,286.858,278.335,3
000352,639.265,283.924,2
000352,925.760,306.882,1
000353,286.929,278.317,3
000353,639.272,283.929,2
000353,925.605,301.285,1
000354,286.992,278.392,3
000354,639.277,283.937,2
000354,911.432,301.308,1
000355,287.070,281.106,3
000355,639.294,283.930,2
000355,905.630,301.245,1
000356,289.860,281.166,3
000356,639.306,283.929,2
000356,902.691,304.139,1
000357,295.558,281.259,3
000357,639.316,283.927,2
000357,885.742,306.919,1
000358,304.146,284.128,3
000358,639.330,283.926,2
000358,882.661,307.128,1
000359,307.020,284.149,3
000359,639.330,283.929,2
000359,876.956,309.978,1
000360,309.909,286.829,3
000360,639.330,283.928,2
000360,860.032,312.844,1
000361,315.639,286.974,3
000361,639.341,283.924,2
000361,856.998,318.476,1
000362,327.050,286.979,3
000362,639.333,283.929,2
000362,845.562,321.357,1
000363,330.056,286.921,3
000363,639.332,283.930,2
000363,836.876,321.366,1
000364,335.618,286.852,3
000364,639.326,283.933,2
000364,831.207,326.975,1
000365,347.031,284.132,3
000365,639.328,283.928,2
000365,814.196,324.143,1
000366,352.708,284.093,3
000366,639.330,283.935,2
000366,811.185,318.524,1
000367,355.656,283.970,3
000367,639.325,283.935,2
000367,796.885,318.446,1
000368,355.836,281.188,3
000368,639.318,283.940,2
000368,790.986,321.281,1
000369,361.439,281.182,3
000369,639.315,283.943,2
000369,788.151,318.453,1
000370,372.894,281.219,3
000370,639.305,283.952,2
000370,771.094,321.330,1
000371,378.533,283.944,3
000371,639.300,283.957,2
000371,765.423,326.954,1
000372,381.459,283.939,3
000372,639.308,283.967,2
000372,750.996,329.873,1
000373,392.893,284.044,3
000373,636.500,283.966,2
000373,742.477,332.792,1
000374,398.734,284.063,3
000374,636.480,283.947,2
000374,725.273,335.666,1
000375,401.606,284.102,3
000375,636.485,283.930,2
000375,713.822,335.721,1
000376,407.242,284.139,3
000376,633.651,281.229,2
000376,699.591,338.572,1
000377,415.812,286.847,3
000377,633.558,281.224,2
000377,696.476,344.231,1
000378,418.771,286.905,3
000378,633.549,283.926,2
000378,676.515,341.426,1
000379,421.698,286.863,3
000379,633.526,283.949,2
000379,665.067,341.396,1
000380,427.345,286.830,3
000380,633.552,281.200,2
000380,653.521,347.032,1
000381,435.879,286.866,3
000381,630.850,278.389,2
000381,639.282,341.419,1
000382,444.412,284.210,3
000382,630.745,347.084,1
000382,633.608,281.126,2
000383,447.373,286.885,3
000383,610.713,341.358,1
000383,636.475,278.387,2
000384,455.985,286.903,3
000384,605.054,341.410,1
000384,633.658,278.347,2
000385,467.389,287.037,3
000385,596.305,347.107,1
000385,633.532,281.180,2
000386,470.362,286.972,3
000386,582.129,349.975,1
000386,630.824,281.206,2
000387,481.759,286.990,3
000387,570.561,352.874,1
000387,630.811,281.252,2
000388,490.402,289.767,3
000388,561.824,355.768,1
000388,630.769,281.243,2
000389,498.986,289.893,3
000389,539.188,361.477,1
000389,630.723,283.926,2
000390,510.336,295.584,3
000390,536.018,367.110,1
000390,630.702,283.920,2
000391,515.997,301.270,3
000391,516.040,367.173,1
000391,630.717,283.918,2
000392,493.386,372.902,1
000392,519.088,298.418,3
000392,630.716,283.915,2
000393,487.442,370.048,1
000393,524.743,304.176,3
000393,630.733,283.926,2
000394,473.141,367.183,1
000394,533.345,306.953,3
000394,630.741,283.927,2
000395,470.201,370.037,1
000395,536.275,306.898,3
000395,630.728,281.238,2
000396,464.497,370.004,1
000396,541.841,306.929,3
000396,630.697,281.193,2
000397,450.225,367.187,1
000397,547.593,306.955,3
000397,630.661,281.232,2
000398,447.319,367.150,1
000398,553.355,306.883,3
000398,630.689,281.200,2
000399,435.880,364.325,1
000399,558.985,306.930,3
000399,630.768,281.167,2
000400,424.561,370.064,1
000400,561.821,306.942,3
000400,630.830,281.168,2
000401,418.776,375.677,1
000401,567.646,306.959,3
000401,630.852,281.121,2
000402,404.470,375.822,1
000402,576.269,307.067,3
000402,630.864,278.328,2
000403,401.418,378.692,1
000403,579.156,306.974,3
000403,630.883,278.360,2
000404,392.933,381.511,1
000404,581.924,306.884,3
000404,633.542,275.549,2
000405,378.746,390.086,1
000405,582.107,306.939,3
000405,633.586,278.371,2
000406,372.807,395.754,1
000406,584.945,306.891,3
000406,633.601,278.341,2
000407,355.862,398.571,1
000407,599.196,304.049,3
000407,630.741,281.224,2
000408,352.842,398.567,1
000408,596.381,304.079,3
000408,630.741,281.284,2
000409,349.868,395.855,1
000409,630.646,284.031,2
000410,335.654,395.769,1
000410,627.886,284.128,2
000411,330.014,390.100,1
000411,607.797,304.069,3
000411,630.657,284.028,2
000412,329.785,381.527,1
000412,607.791,306.889,3
000412,630.720,284.122,2
000413,332.673,378.536,1
000413,636.416,286.928,2
000414,332.652,375.813,1
000414,636.427,286.933,2
000415,332.691,375.739,1
000415,633.641,286.988,2
000416,332.737,375.673,1
000416,633.625,286.970,2
000417,332.701,372.917,1
000417,633.575,286.942,2
000418,332.743,372.824,1
000418,633.559,286.947,2
000419,332.724,372.889,1
000419,630.730,324.102,3
000419,633.533,284.062,2
000420,332.688,372.917,1
000420,630.761,327.056,3
000420,633.528,278.403,2
000421,332.689,375.608,1
000421,630.801,329.963,3
000421,633.567,275.524,2
000422,332.676,375.770,1
000422,633.538,332.775,3
000422,633.544,283.986,2
000423,332.728,375.741,1
000423,633.573,335.636,3
000423,633.659,281.242,2
000424,332.768,375.801,1
000424,633.563,338.485,3
000424,636.444,283.919,2
000425,332.869,378.512,1
000425,633.602,335.752,3
000425,642.184,281.186,2
000426,335.648,378.707,1
000426,633.573,335.714,3
000426,647.898,275.516,2
000427,335.701,378.713,1
000427,633.573,335.680,3
000427,647.890,275.507,2
000428,335.779,378.664,1
000428,633.541,335.688,3
000428,650.593,275.499,2
000429,338.489,378.692,1
000429,633.545,335.621,3
000429,647.914,278.322,2
000430,335.767,378.682,1
000430,633.559,335.621,3
000430,644.996,281.176,2
000431,338.479,378.754,1
000431,633.674,332.949,3
000431,639.297,281.209,2
000432,335.749,378.737,1
000432,633.656,281.244,2
000432,639.267,332.817,3
000433,335.736,378.740,1
000433,633.689,281.170,2
000433,647.818,332.859,3
000434,335.709,378.754,1
000434,636.404,281.239,2
000434,650.832,332.870,3
000435,335.678,381.432,1
000435,633.670,281.238,2
000435,667.873,332.751,3
000436,335.639,381.473,1
000436,633.646,283.935,2
000436,673.684,335.725,3
000437,332.949,381.454,1
000437,630.865,281.205,2
000437,676.649,335.644,3
000438,332.851,381.435,1
000438,630.811,281.134,2
000438,690.846,332.866,3
000439,332.782,378.791,1
000439,630.796,281.156,2
000439,696.655,335.639,3
000440,332.663,378.794,1
000440,630.795,281.188,2
000440,699.581,332.876,3
000441,330.039,378.792,1
000441,630.809,281.216,2
000441,708.064,332.762,3
000442,329.894,378.781,1
000442,630.799,281.249,2
000442,719.378,332.691,3
000443,329.865,381.444,1
000443,630.819,281.270,2
000443,722.384,332.674,3
000444,329.843,381.460,1
000444,630.836,281.277,2
000444,728.149,330.011,3
000445,329.827,381.457,1
000445,630.811,281.272,2
000445,742.395,329.893,3
000446,329.811,381.459,1
000446,630.825,281.220,2
000446,745.378,329.751,3
000447,329.816,381.432,1
000447,630.865,281.225,2
000447,762.378,329.779,3
000448,329.827,378.762,1
000448,633.529,281.252,2
000448,771.076,327.108,3
000449,329.816,378.761,1
000449,633.572,281.258,2
000449,782.555,329.849,3
000450,329.820,378.759,1
000450,633.659,281.275,2
000450,791.082,329.891,3
000451,329.817,378.763,1
000451,633.686,281.245,2
000451,796.847,329.864,3
000452,329.813,378.754,1
000452,636.451,281.200,2
000452,811.087,330.004,3
000453,329.807,378.752,1
000453,642.100,281.276,2
000453,814.181,332.710,3
000454,329.808,378.751,1
000454,642.185,281.267,2
000454,831.141,332.745,3
000455,329.807,378.748,1
000455,644.967,283.919,2
000455,836.882,332.846,3
000456,329.804,378.748,1
000456,644.955,281.283,2
000456,848.401,332.819,3
000457,329.805,378.748,1
000457,642.207,281.260,2
000457,859.767,332.844,3
000458,329.809,378.745,1
000458,642.097,281.226,2
000458,874.177,332.707,3
000459,329.807,378.748,1
000459,636.411,281.204,2
000459,882.944,330.024,3
000460,329.810,378.758,1
000460,636.401,281.197,2
000460,902.966,329.917,3
000461,329.809,378.762,1
000461,633.643,281.251,2
000461,922.826,329.897,3
000462,329.804,378.765,1
000462,633.568,281.278,2
000462,931.444,332.762,3
000463,329.807,378.766,1
000463,633.532,281.245,2
000463,948.693,332.857,3
000464,329.803,378.773,1
000464,630.854,281.255,2
000464,957.295,347.048,3
000465,329.799,378.770,1
000465,630.826,281.245,2
000465,971.664,349.898,3
000466,329.800,378.771,1
000466,630.781,281.250,2
000466,977.340,352.779,3
000467,329.800,378.771,1
000467,630.734,283.926,2
000467,988.749,352.782,3
000468,329.801,378.775,1
000468,630.726,281.262,2
000468,997.237,352.758,3
000469,1003.126,352.729,3
000469,329.786,378.765,1
000469,630.708,281.248,2
000470,1017.331,349.975,3
000470,329.781,378.767,1
000470,630.690,281.233,2
000471,1020.331,350.004,3
000471,329.768,378.776,1
000471,630.674,281.239,2
000472,1028.828,347.076,3
000472,329.771,378.779,1
000472,630.667,281.245,2
000473,1040.204,341.407,3
000473,329.770,378.780,1
000473,630.676,281.248,2
000474,1043.266,335.705,3
000474,329.772,378.776,1
000474,630.696,281.264,2
000475,1048.953,335.754,3
000475,329.769,378.778,1
000475,630.726,281.269,2
000476,1060.280,335.601,3
000476,329.763,378.778,1
000476,630.758,281.274,2
000477,1063.185,335.656,3
000477,329.762,378.780,1
000477,630.825,281.266,2
000478,1063.377,335.702,3
000478,329.760,378.781,1
000478,630.876,283.920,2
000479,1066.134,335.747,3
000479,329.756,378.788,1
000479,633.549,283.924,2
000480,1068.937,335.750,3
000480,329.760,381.427,1
000480,633.629,283.962,2
000481,1071.805,335.756,3
000481,329.763,381.427,1
000481,636.413,283.964,2
000482,1074.720,335.732,3
000482,329.765,381.429,1
000482,639.316,283.972,2
000483,1077.582,338.572,3
000483,329.767,381.430,1
000483,642.200,283.961,2
000484,1077.559,341.375,3
000484,329.766,381.427,1
000484,645.056,283.954,2
000485,1080.448,341.337,3
000485,329.765,381.427,1
000485,647.859,283.939,2
000486,1080.427,341.403,3
000486,329.764,381.430,1
000486,647.931,283.972,2
000487,1080.458,344.255,3
000487,329.763,381.431,1
000487,650.597,283.980,2
000488,1083.196,344.272,3
000488,329.759,381.430,1
000488,650.623,283.958,2
000489,1083.249,347.059,3
000489,329.754,381.432,1
000489,650.640,283.971,2
000490,1083.310,347.131,3
000490,327.117,381.427,1
000490,650.636,283.975,2
000491,1086.011,347.124,3
000491,327.114,381.431,1
000491,650.635,284.000,2
000492,1086.001,347.145,3
000492,327.105,381.434,1
000492,650.637,284.006,2
000493,1083.298,347.132,3
000493,327.107,381.435,1
000493,650.637,284.008,2
000494,1083.271,349.860,3
000494,327.107,381.434,1
000494,650.623,284.010,2
000495,1083.250,347.152,3
000495,327.106,381.432,1
000495,650.597,283.968,2
000496,1083.235,347.117,3
000496,327.108,378.794,1
000496,647.922,283.973,2
000497,1083.224,347.111,3
000497,327.112,378.788,1
000497,647.862,283.980,2
000498,1083.190,347.124,3
000498,329.751,378.792,1
000498,647.808,283.969,2
000499,1080.424,347.089,3
000499,329.757,378.787,1
000499,645.033,283.961,2
000500,1080.396,347.066,3
000500,329.762,378.781,1
000500,644.942,283.968,2
000501,1077.573,347.054,3
000501,329.765,378.780,1
000501,642.149,283.950,2
000502,1080.359,347.057,3
000502,329.764,378.778,1
000502,642.117,283.953,2
000503,1080.369,347.063,3
000503,329.765,378.781,1
000503,639.314,283.957,2
000504,1080.418,347.130,3
000504,329.764,378.774,1
000504,636.498,283.961,2
000505,1083.266,349.915,3
000505,329.761,378.771,1
000505,636.461,283.961,2
000506,1086.072,350.026,3
000506,329.759,378.771,1
000506,636.453,283.966,2
000507,1088.958,352.734,3
000507,329.760,378.768,1
000507,636.447,283.964,2
000508,1089.165,352.897,3
000508,329.758,378.771,1
000508,636.445,283.962,2
000509,1091.903,355.643,3
000509,329.760,378.770,1
000509,636.434,283.965,2
000510,1091.837,355.710,3
000510,329.755,378.771,1
000510,636.422,283.948,2
000511,1089.152,355.696,3
000511,329.755,378.775,1
000511,636.417,283.948,2
000512,1089.145,355.744,3
000512,329.750,378.774,1
000512,636.419,283.944,2
000513,1089.173,355.777,3
000513,327.118,378.771,1
000513,636.420,283.936,2
000514,1089.099,358.539,3
000514,327.116,378.769,1
000514,636.435,283.937,2
000515,1089.011,358.616,3
000515,327.106,378.775,1
000515,636.439,283.941,2
000516,1088.917,358.618,3
000516,327.102,378.773,1
000516,636.454,283.945,2
000517,1086.226,358.674,3
000517,327.068,378.789,1
000517,636.459,283.940,2
000518,1086.100,358.637,3
000518,327.068,378.791,1
000518,636.453,283.942,2
000519,1086.029,358.563,3
000519,327.059,378.785,1
000519,636.454,283.934,2
000520,1083.250,358.603,3
000520,327.045,378.785,1
000520,636.452,283.927,2
000521,1080.426,358.593,3
000521,327.019,378.780,1
000521,636.447,283.931,2
000522,1080.400,358.638,3
000522,327.009,378.763,1
000522,636.449,283.934,2
000523,1077.548,361.440,3
000523,327.012,378.766,1
000523,636.449,283.923,2
000524,1080.385,361.453,3
000524,326.992,378.771,1
000524,636.450,283.916,2
000525,1080.431,364.244,3
000525,326.974,378.788,1
000525,636.445,283.921,2
000526,1083.244,361.472,3
000526,326.946,381.435,1
000526,636.416,281.282,2
000527,1086.063,361.393,3
000527,324.245,381.426,1
000527,636.412,281.282,2
000528,1086.224,361.430,3
000528,324.238,381.444,1
000528,636.407,281.284,2
000529,1088.967,358.660,3
000529,326.941,381.436,1
000529,636.394,283.920,2
000530,1089.078,358.524,3
000530,324.216,381.441,1
000530,636.394,283.913,2
000531,1088.957,355.762,3
000531,324.187,381.444,1
000531,636.390,281.282,2
000532,1086.243,355.583,3
000532,324.184,381.444,1
000532,636.389,281.281,2
000533,1086.150,352.912,3
000533,324.161,381.457,1
000533,636.386,281.280,2
000534,1083.346,352.893,3
000534,324.132,381.438,1
000534,633.687,281.274,2
000535,1077.556,352.809,3
000535,324.131,381.441,1
000535,633.688,281.273,2
000536,1069.017,352.743,3
000536,321.356,381.445,1
000536,636.378,281.273,2
000537,1066.123,352.675,3
000537,321.350,381.448,1
000537,633.688,281.273,2
000538,1063.337,349.971,3
000538,321.360,381.447,1
000538,636.381,281.275,2
000539,1063.321,349.946,3
000539,321.331,381.441,1
000539,636.379,281.275,2
000540,1063.327,349.956,3
000540,321.328,381.433,1
000540,633.679,283.914,2
000541,1066.010,349.998,3
000541,321.327,381.431,1
000541,633.675,283.914,2
000542,1066.143,350.000,3
000542,321.323,381.428,1
000542,633.668,283.921,2
000543,1068.929,349.998,3
000543,321.315,381.424,1
000543,633.663,283.924,2
000544,1069.033,350.005,3
000544,321.294,378.795,1
000544,633.654,283.936,2
000545,1071.836,350.031,3
000545,321.286,381.424,1
000545,633.647,283.943,2
000546,1077.528,352.711,3
000546,321.282,381.431,1
000546,633.649,283.942,2
000547,1080.439,352.691,3
000547,321.277,381.446,1
000547,633.639,283.941,2
000548,1083.243,350.032,3
000548,318.528,381.442,1
000548,633.638,283.938,2
000549,1083.344,349.980,3
000549,318.519,381.443,1
000549,633.631,283.950,2
000550,1083.349,349.959,3
000550,318.512,381.447,1
000550,633.635,283.951,2
000551,1086.016,349.933,3
000551,318.506,381.450,1
000551,633.630,283.946,2
000552,1086.056,349.926,3
000552,318.510,381.457,1
000552,633.633,283.943,2
000553,1086.004,349.958,3
000553,318.511,381.457,1
000553,633.626,283.940,2
000554,1083.276,349.948,3
000554,318.510,381.462,1
000554,633.630,283.942,2
000555,1083.214,349.966,3
000555,318.504,381.460,1
000555,633.633,283.943,2
000556,1080.373,352.690,3
000556,318.505,381.461,1
000556,633.627,283.948,2
000557,1074.689,352.694,3
000557,318.502,381.459,1
000557,633.621,283.946,2
000558,1069.093,349.980,3
000558,318.495,381.449,1
000558,633.615,283.946,2
000559,1069.073,350.031,3
000559,318.488,381.453,1
000559,633.618,283.950,2
000560,1069.000,352.686,3
000560,318.485,381.453,1
000560,633.621,283.950,2
000561,1068.998,352.688,3
000561,318.484,381.455,1
000561,633.619,283.949,2
000562,1069.007,352.700,3
000562,318.483,381.455,1
000562,633.611,283.948,2
000563,1069.005,352.705,3
000563,318.490,381.447,1
000563,633.608,283.949,2
000564,1069.024,352.702,3
000564,318.500,381.444,1
000564,633.599,283.948,2
000565,1069.002,352.706,3
000565,318.504,381.449,1
000565,633.600,283.945,2
000566,1068.999,352.704,3
000566,318.512,381.448,1
000566,633.599,283.945,2
000567,1069.039,352.717,3
000567,318.528,381.443,1
000567,633.595,283.945,2
000568,1069.047,352.721,3
000568,321.272,381.452,1
000568,633.594,283.947,2
000569,1069.053,352.721,3
000569,321.285,381.453,1
000569,633.591,283.944,2
000570,1069.058,352.724,3
000570,321.293,381.456,1
000570,633.588,283.945,2
000571,1069.058,352.723,3
000571,321.298,381.454,1
000571,633.590,283.944,2
000572,1069.043,352.725,3
000572,321.301,381.456,1
000572,633.591,283.942,2
000573,1069.032,352.712,3
000573,321.295,381.459,1
000573,633.589,283.944,2
000574,1069.043,352.699,3
000574,321.317,381.443,1
000574,633.588,283.942,2
000575,1069.038,352.694,3
000575,321.309,381.435,1
000575,633.572,283.942,2
000576,1069.040,352.693,3
000576,321.349,381.441,1
000576,633.563,283.947,2
000577,1069.034,352.692,3
000577,321.356,381.454,1
000577,633.563,283.946,2
000578,1069.025,352.711,3
000578,321.383,381.457,1
000578,633.563,283.949,2
000579,1069.024,352.720,3
000579,321.380,381.461,1
000579,633.561,283.950,2
000580,1069.019,352.733,3
000580,324.132,381.458,1
000580,633.556,283.948,2
000581,1069.021,352.735,3
000581,324.134,381.449,1
000581,633.556,283.945,2
000582,1069.008,352.736,3
000582,324.168,381.440,1
000582,633.558,283.945,2
000583,1069.006,352.732,3
000583,324.157,381.430,1
000583,633.558,283.946,2
000584,1068.985,352.716,3
000584,324.173,378.794,1
000584,633.550,283.951,2
000585,1069.004,352.709,3
000585,324.210,378.792,1
000585,633.559,283.947,2
000586,1069.009,352.705,3
000586,324.221,378.785,1
000586,633.561,283.949,2
000587,1069.007,352.705,3
000587,326.947,378.793,1
000587,633.563,283.950,2
000588,1068.995,352.694,3
000588,326.971,378.784,1
000588,633.566,283.950,2
000589,1069.003,352.684,3
000589,326.989,378.790,1
000589,633.562,283.953,2
000590,1068.991,352.684,3
000590,326.998,378.792,1
000590,633.564,283.949,2
000591,1068.993,352.682,3
000591,326.996,378.793,1
000591,633.568,283.955,2
000592,1068.987,352.680,3
000592,327.015,378.792,1
000592,633.574,283.953,2
000593,1068.984,352.673,3
000593,327.039,381.430,1
000593,633.574,283.955,2
000594,1068.989,350.029,3
000594,327.043,381.433,1
000594,633.573,283.959,2
000595,1068.985,352.666,3
000595,327.059,381.441,1
000595,633.595,283.958,2
000596,1068.980,352.665,3
000596,327.073,381.445,1
000596,633.596,283.957,2
000597,1068.990,352.684,3
000597,327.075,381.446,1
000597,633.612,283.957,2
000598,1069.003,352.682,3
000598,327.080,381.445,1
000598,633.622,283.954,2
000599,1069.048,352.676,3
000599,327.096,381.448,1
000599,633.626,283.960,2
000600,1069.065,352.671,3
000600,327.091,381.447,1
000600,633.656,283.947,2
000601,1069.079,352.680,3
000601,327.110,381.437,1
000601,633.660,283.952,2
000602,1069.087,352.691,3
000602,327.108,381.436,1
000602,633.664,283.951,2
000603,1071.789,352.700,3
000603,329.755,381.425,1
000603,633.669,283.952,2
000604,1071.797,352.696,3
000604,329.761,381.424,1
000604,633.673,283.948,2
000605,1071.807,352.706,3
000605,329.770,381.430,1
000605,633.672,283.947,2
000606,1071.813,352.713,3
000606,329.774,381.426,1
000606,633.677,283.945,2
000607,1071.828,352.722,3
000607,329.777,378.795,1
000607,633.678,283.943,2
000608,1071.858,352.773,3
000608,329.778,378.793,1
000608,633.676,283.942,2
000609,1071.881,352.789,3
000609,329.780,378.793,1
000609,633.680,283.939,2
000610,1074.663,352.802,3
000610,329.788,378.792,1
000610,633.679,283.939,2
000611,1074.713,352.809,3
000611,329.787,378.794,1
000611,633.672,283.936,2
000612,1074.717,352.809,3
000612,329.763,378.788,1
000612,633.682,283.935,2
000613,1074.710,352.816,3
000613,329.781,378.786,1
000613,633.679,283.932,2
000614,1074.695,352.819,3
000614,329.782,378.787,1
000614,633.683,283.929,2
000615,1074.687,352.816,3
000615,329.784,378.792,1
000615,633.678,283.933,2
000616,1074.691,352.815,3
000616,329.781,378.794,1
000616,633.681,283.933,2
000617,1074.684,352.811,3
000617,329.789,378.791,1
000617,633.687,283.932,2
000618,1074.687,352.806,3
000618,329.786,378.789,1
000618,633.686,283.929,2
000619,1074.687,352.804,3
000619,329.789,378.783,1
000619,633.683,283.927,2
000620,1074.680,352.805,3
000620,329.788,378.776,1
000620,636.382,283.922,2
000621,1074.689,352.815,3
000621,329.792,378.769,1
000621,633.687,283.921,2
000622,1074.691,352.841,3
000622,329.795,378.773,1
000622,633.684,283.917,2
000623,1071.914,352.843,3
000623,329.796,378.774,1
000623,633.684,283.913,2
000624,1071.888,352.841,3
000624,329.795,378.770,1
000624,633.682,281.281,2
000625,1071.881,352.845,3
000625,329.792,378.779,1
000625,633.675,281.283,2
000626,1071.857,352.857,3
000626,329.787,378.776,1
000626,633.673,281.281,2
000627,1071.808,352.827,3
000627,329.788,378.779,1
000627,633.670,281.281,2
000628,1071.807,352.820,3
000628,329.788,378.773,1
000628,633.668,281.280,2
000629,1071.804,352.832,3
000629,329.791,378.771,1
000629,633.670,281.283,2
000630,1069.089,352.825,3
000630,1275.346,281.248,5
000630,329.784,378.770,1
000630,633.668,281.277,2
000631,1069.077,352.815,3
000631,1275.343,281.188,5
000631,329.787,378.771,1
000631,633.673,281.273,2
000632,1069.076,352.808,3
000632,1275.341,281.247,5
000632,329.788,378.772,1
000632,633.674,281.274,2
000633,1069.086,352.808,3
000633,1275.336,284.080,5
000633,329.783,378.773,1
000633,633.671,281.272,2
000634,1069.089,352.803,3
000634,1275.326,284.003,5
000634,329.785,378.771,1
000634,633.669,281.270,2
000635,1071.793,352.807,3
000635,1275.314,278.398,5
000635,329.787,378.776,1
000635,633.670,281.272,2
000636,1071.836,352.811,3
000636,1275.293,275.478,5
000636,329.785,378.777,1
000636,633.673,281.271,2
000637,1071.905,352.821,3
000637,1275.290,275.498,5
000637,329.781,378.777,1
000637,633.679,281.270,2
000638,1074.681,352.815,3
000638,1275.280,272.690,5
000638,329.774,378.776,1
000638,633.683,281.273,2
000639,1074.710,352.822,3
000639,1255.227,272.663,5
000639,329.770,378.774,1
000639,633.683,281.273,2
000640,1074.691,352.846,3
000640,1249.319,272.631,5
000640,329.768,378.771,1
000640,636.380,281.273,2
000641,1074.678,352.854,3
000641,1246.641,269.822,5
000641,329.776,378.773,1
000641,636.384,281.273,2
000642,1074.662,352.833,3
000642,1246.554,269.778,5
000642,329.773,378.767,1
000642,636.379,281.273,2
000643,1074.651,352.831,3
000643,1246.437,269.745,5
000643,329.768,378.777,1
000643,633.689,281.277,2
000644,1071.904,352.829,3
000644,1243.693,269.785,5
000644,329.757,378.775,1
000644,633.688,281.282,2
000645,1074.675,352.801,3
000645,1243.609,269.753,5
000645,329.757,378.788,1
000645,633.674,283.918,2
000646,1074.688,352.796,3
000646,1240.791,272.645,5
000646,329.754,378.785,1
000646,633.669,283.925,2
000647,1074.657,352.793,3
000647,1229.505,272.667,5
000647,329.765,378.785,1
000647,633.662,283.931,2
000647,7.615,447.425,4
000648,1074.656,352.786,3
000648,1226.648,275.471,5
000648,329.759,378.789,1
000648,633.664,283.933,2
000648,7.603,441.555,4
000649,1074.667,352.786,3
000649,1223.785,281.144,5
000649,327.117,378.785,1
000649,6.176,424.586,4
000649,633.656,283.938,2
000650,1074.673,352.796,3
000650,1220.779,281.145,5
000650,32.155,421.467,4
000650,327.112,381.435,1
000650,633.640,283.946,2
000651,1071.918,352.887,3
000651,1206.553,281.189,5
000651,327.102,378.791,1
000651,40.636,404.435,4
000651,633.641,283.950,2
000652,1071.868,352.871,3
000652,1200.812,283.926,5
000652,327.099,378.783,1
000652,54.873,398.696,4
000652,633.640,283.945,2
000653,1071.906,352.824,3
000653,1186.486,283.948,5
000653,327.101,378.782,1
000653,63.499,392.866,4
000653,633.645,283.942,2
000654,1071.907,352.788,3
000654,1177.928,284.042,5
000654,327.103,378.784,1
000654,633.646,283.944,2
000654,80.579,381.469,4
000655,1071.883,352.779,3
000655,1169.178,283.931,5
000655,327.102,378.781,1
000655,633.640,283.940,2
000655,89.325,375.838,4
000656,103.609,372.903,4
000656,1071.869,352.721,3
000656,1157.796,281.253,5
000656,327.110,378.778,1
000656,633.641,283.945,2
000657,1071.865,352.717,3
000657,1154.783,281.122,5
000657,120.752,372.799,4
000657,327.106,378.789,1
000657,633.645,283.948,2
000658,1071.893,352.704,3
000658,1137.841,278.380,5
000658,126.639,369.950,4
000658,327.096,378.775,1
000658,633.644,283.949,2
000659,1074.662,352.766,3
000659,1132.040,278.389,5
000659,146.444,369.950,4
000659,327.083,378.784,1
000659,633.633,283.950,2
000660,1074.651,352.728,3
000660,1126.283,269.837,5
000660,152.340,367.193,4
000660,327.100,378.763,1
000660,633.629,283.953,2
000661,1071.902,352.798,3
000661,1111.981,264.120,5
000661,169.538,367.145,4
000661,327.107,378.775,1
000661,633.632,283.955,2
000662,1071.855,352.762,3
000662,1108.929,264.014,5
000662,178.083,361.455,4
000662,329.772,378.770,1
000662,633.633,283.946,2
000663,1069.063,352.832,3
000663,1094.725,263.953,5
000663,195.214,355.861,4
000663,329.769,378.774,1
000663,633.630,283.952,2
000664,1069.044,352.722,3
000664,1086.160,264.039,5
000664,212.359,355.633,4
000664,329.752,381.448,1
000664,633.613,283.956,2
000665,1068.991,352.723,3
000665,1071.853,266.912,5
000665,221.020,352.758,4
000665,329.770,381.460,1
000665,633.610,283.960,2
000666,1063.175,269.819,5
000666,1068.977,352.748,3
000666,238.134,347.039,4
000666,329.761,378.777,1
000666,633.601,283.953,2
000667,1046.090,281.115,5
000667,1069.092,352.751,3
000667,241.277,335.602,4
000667,329.790,378.753,1
000667,633.598,283.954,2
000668,1040.268,283.950,5
000668,1071.833,352.667,3
000668,258.312,329.913,4
000668,329.809,378.734,1
000668,633.594,283.953,2
000669,1020.443,284.151,5
000669,1071.861,352.692,3
000669,263.976,321.270,4
000669,329.872,378.717,1
000669,633.592,283.951,2
000670,1014.558,284.143,5
000670,1071.911,352.691,3
000670,275.546,312.789,4
000670,329.889,378.728,1
000670,633.589,283.951,2
000671,1071.795,352.670,3
000671,284.155,309.851,4
000671,329.798,378.730,1
000671,633.585,283.952,2
000671,997.406,283.958,5
000672,1069.067,352.666,3
000672,292.703,307.037,4
000672,326.976,378.760,1
000672,633.588,283.953,2
000672,991.607,281.218,5
000673,1071.805,352.749,3
000673,307.101,306.953,4
000673,326.953,381.444,1
000673,633.593,283.952,2
000673,974.581,275.520,5
000674,1069.069,352.745,3
000674,324.136,307.091,4
000674,327.041,381.508,1
000674,633.587,283.947,2
000674,971.554,269.786,5
000675,1069.052,352.738,3
000675,329.786,381.504,1
000675,330.008,309.716,4
000675,633.589,283.948,2
000675,963.006,267.005,5
000676,1069.039,352.730,3
000676,329.787,381.478,1
000676,338.550,309.791,4
000676,633.592,283.949,2
000676,951.558,266.895,5
000677,1069.021,352.702,3
000677,329.889,381.536,1
000677,352.697,309.878,4
000677,633.567,283.949,2
000677,948.541,266.963,5
000678,1069.024,352.703,3
000678,329.876,381.532,1
000678,355.693,309.881,4
000678,633.572,283.953,2
000678,937.257,266.924,5
000679,1068.997,352.704,3
000679,329.835,381.463,1
000679,364.314,309.813,4
000679,633.577,283.952,2
000679,931.432,269.829,5
000680,1068.988,352.689,3
000680,329.793,381.447,1
000680,375.670,307.067,4
000680,633.563,283.954,2
000680,925.739,266.960,5
000681,1068.974,352.684,3
000681,327.080,381.452,1
000681,378.616,301.247,4
000681,633.558,283.948,2
000681,919.996,269.816,5
000682,1068.974,352.672,3
000682,327.103,381.426,1
000682,381.575,289.927,4
000682,633.555,283.944,2
000682,908.680,275.459,5
000683,1068.972,352.683,3
000683,329.772,378.778,1
000683,395.710,287.070,4
000683,633.549,283.945,2
000683,905.758,275.517,5
000684,1068.978,352.675,3
000684,329.809,378.778,1
000684,398.678,284.190,4
000684,633.553,283.940,2
000684,899.920,275.460,5
000685,1068.984,352.671,3
000685,329.854,378.781,1
000685,401.634,284.018,4
000685,633.554,283.943,2
000685,888.549,278.377,5
000686,1068.975,352.672,3
000686,329.852,381.438,1
000686,410.095,281.267,4
000686,633.546,283.946,2
000686,882.935,278.348,5
000687,1068.964,350.029,3
000687,329.839,381.467,1
000687,418.718,281.281,4
000687,633.544,283.944,2
000687,880.021,272.672,5
000688,1068.951,350.000,3
000688,329.825,381.480,1
000688,421.567,281.222,4
000688,633.550,283.954,2
000688,877.108,269.830,5
000689,1068.967,350.024,3
000689,329.855,381.518,1
000689,424.416,281.133,4
000689,633.553,283.945,2
000689,874.142,266.962,5
000690,1068.974,352.665,3
000690,329.833,381.503,1
000690,424.559,278.326,4
000690,633.553,283.942,2
000690,865.634,264.136,5
000691,1068.987,352.672,3
000691,329.851,381.504,1
000691,427.319,275.535,4
000691,633.554,283.942,2
000691,862.696,263.938,5
000692,1069.030,350.025,3
000692,329.787,381.457,1
000692,427.422,275.521,4
000692,633.563,283.936,2
000692,860.029,261.251,5
000693,1069.046,352.669,3
000693,329.763,381.438,1
000693,433.039,275.442,4
000693,633.567,283.943,2
000693,859.870,263.929,5
000694,1069.067,352.674,3
000694,329.779,381.441,1
000694,435.947,272.577,4
000694,633.578,283.944,2
000694,859.815,263.921,5
000695,1069.068,352.674,3
000695,329.800,381.441,1
000695,441.532,269.790,4
000695,633.573,283.945,2
000695,857.076,263.968,5
000696,1069.089,352.686,3
000696,329.783,381.434,1
000696,441.588,269.728,4
000696,633.581,283.949,2
000696,857.017,263.913,5
000697,1071.799,352.695,3
000697,329.778,381.447,1
000697,441.590,269.713,4
000697,633.583,283.946,2
000697,856.992,263.967,5
000698,1071.805,352.687,3
000698,329.773,381.432,1
000698,441.642,269.712,4
000698,633.597,283.948,2
000698,856.933,264.023,5
000699,1071.807,352.704,3
000699,329.774,381.429,1
000699,441.675,269.714,4
000699,633.601,283.950,2
000699,856.849,264.063,5
000700,1071.821,352.728,3
000700,329.773,381.428,1
000700,441.663,269.750,4
000700,633.615,283.946,2
000700,854.112,264.010,5
000701,1071.843,352.781,3
000701,329.783,381.427,1
000701,441.665,269.799,4
000701,633.624,283.951,2
000701,851.204,264.022,5
000702,1071.865,352.797,3
000702,329.778,378.776,1
000702,441.652,269.839,4
000702,633.635,283.959,2
000702,848.365,263.959,5
000703,1074.684,352.810,3
000703,329.777,378.761,1
000703,441.691,272.587,4
000703,633.672,283.944,2
000703,845.496,261.238,5
000704,1074.668,352.819,3
000704,329.777,378.760,1
000704,444.365,272.618,4
000704,633.672,283.950,2
000704,839.927,261.223,5
000705,1074.709,352.817,3
000705,329.779,378.763,1
000705,444.382,272.630,4
000705,633.673,283.948,2
000705,839.809,261.195,5
000706,1074.709,352.817,3
000706,329.777,378.765,1
000706,444.406,272.634,4
000706,633.677,283.949,2
000706,839.780,261.228,5
000707,1074.697,352.817,3
000707,329.772,378.765,1
000707,444.413,272.622,4
000707,633.679,283.947,2
000707,837.088,261.199,5
000708,1074.690,352.818,3
000708,329.772,378.762,1
000708,444.418,272.639,4
000708,633.682,283.946,2
000708,837.075,261.220,5
000709,1074.682,352.810,3
000709,329.772,378.753,1
000709,444.430,272.636,4
000709,633.678,283.943,2
000709,837.077,261.192,5
000710,1074.694,352.801,3
000710,329.766,378.760,1
000710,444.444,272.650,4
000710,633.681,283.932,2
000710,837.057,261.210,5
000711,1074.700,352.798,3
000711,329.764,378.763,1
000711,444.464,275.449,4
000711,633.685,283.933,2
000711,837.027,261.051,5
000712,1074.703,352.803,3
000712,329.768,378.769,1
000712,444.457,275.479,4
000712,633.682,283.929,2
000712,837.022,261.055,5
000713,1074.704,352.808,3
000713,329.765,378.776,1
000713,444.453,275.527,4
000713,633.683,283.924,2
000713,837.034,261.011,5
000714,1074.699,352.815,3
000714,329.753,378.780,1
000714,444.451,278.300,4
000714,633.683,283.923,2
000714,837.050,261.030,5
000715,1074.699,352.831,3
000715,327.116,378.768,1
000715,444.421,278.316,4
000715,633.681,283.917,2
000715,839.765,261.114,5
000716,1074.658,352.839,3
000716,327.111,378.759,1
000716,441.675,275.442,4
000716,633.682,283.914,2
000716,839.833,261.051,5
000717,1071.900,352.845,3
000717,327.094,378.769,1
000717,441.556,272.673,4
000717,633.687,281.283,2
000717,839.934,261.161,5
000718,1071.888,352.836,3
000718,327.093,378.776,1
000718,435.879,272.583,4
000718,633.686,281.279,2
000718,845.491,261.259,5
000719,1071.870,352.852,3
000719,327.081,378.781,1
000719,433.024,272.672,4
000719,633.681,283.913,2
000719,851.237,263.923,5
000720,1071.825,352.829,3
000720,327.081,378.758,1
000720,430.145,269.791,4
000720,636.379,283.914,2
000720,854.145,264.006,5
000721,1071.819,352.816,3
000721,327.055,378.759,1
000721,427.367,266.910,4
000721,636.390,281.283,2
000721,856.845,264.024,5
000722,1071.811,352.838,3
000722,327.051,378.758,1
000722,427.317,264.196,4
000722,636.389,281.273,2
000722,856.944,263.988,5
000723,1071.799,352.831,3
000723,327.049,378.774,1
000723,427.363,266.879,4
000723,633.689,281.279,2
000723,857.014,264.051,5
000724,1071.789,352.826,3
000724,327.041,378.788,1
000724,427.338,266.864,4
000724,636.380,281.278,2
000724,857.061,264.076,5
000725,1069.085,352.829,3
000725,327.035,378.787,1
000725,427.355,264.195,4
000725,633.684,281.272,2
000725,857.063,264.057,5
000726,1069.087,352.830,3
000726,327.015,378.773,1
000726,427.374,266.858,4
000726,633.684,281.276,2
000726,857.067,264.050,5
000727,1069.087,352.835,3
000727,326.979,378.774,1
000727,427.365,266.931,4
000727,633.678,281.267,2
000727,857.065,264.044,5
000728,1071.793,352.828,3
000728,326.996,378.781,1
000728,427.353,266.954,4
000728,633.673,281.278,2
000728,857.019,263.987,5
000729,1071.802,352.829,3
000729,326.971,378.785,1
000729,427.323,269.774,4
000729,633.672,281.275,2
000729,856.956,263.988,5
000730,1071.844,352.845,3
000730,326.948,378.789,1
000730,427.297,269.833,4
000730,633.674,281.271,2
000730,856.914,263.980,5
000731,1071.891,352.850,3
000731,324.209,378.793,1
000731,424.606,272.645,4
000731,633.673,281.268,2
000731,854.083,264.042,5
000732,1071.906,352.860,3
000732,324.225,381.425,1
000732,424.602,275.469,4
000732,633.668,281.279,2
000732,848.391,264.043,5
000733,1071.904,352.855,3
000733,324.222,381.429,1
000733,424.607,275.510,4
000733,633.676,281.270,2
000733,839.911,264.014,5
000734,1071.892,352.850,3
000734,324.183,381.430,1
000734,427.261,275.485,4
000734,633.679,281.265,2
000734,837.106,264.067,5
000735,1071.898,352.847,3
000735,324.135,381.424,1
000735,427.297,275.452,4
000735,633.679,281.253,2
000735,836.863,264.003,5
000736,1071.904,352.827,3
000736,324.133,378.789,1
000736,427.387,272.688,4
000736,633.683,281.254,2
000736,834.104,263.984,5
000737,1074.652,352.823,3
000737,324.132,378.783,1
000737,430.170,272.663,4
000737,633.681,281.251,2
000737,833.959,261.307,5
000738,1074.661,352.813,3
000738,324.145,378.774,1
000738,433.017,272.669,4
000738,633.679,281.250,2
000738,831.234,261.229,5
000739,1074.658,352.811,3
000739,324.123,378.793,1
000739,435.939,275.469,4
000739,633.682,281.248,2
000739,831.150,261.229,5
000740,1071.909,352.806,3
000740,324.144,381.429,1
000740,441.580,272.653,4
000740,633.684,281.240,2
000740,828.392,261.211,5
000741,1071.913,352.798,3
000741,324.144,381.428,1
000741,444.393,272.687,4
000741,633.681,281.246,2
000741,828.342,261.182,5
000742,1071.913,352.801,3
000742,324.154,381.430,1
000742,444.491,272.593,4
000742,633.686,281.248,2
000742,828.391,261.190,5
000743,1074.652,352.796,3
000743,321.374,378.778,1
000743,447.240,269.844,4
000743,636.380,281.242,2
000743,828.383,261.206,5
000744,1071.916,352.799,3
000744,324.126,381.425,1
000744,447.420,269.830,4
000744,636.383,281.245,2
000744,828.332,261.186,5
000745,1071.911,352.803,3
000745,324.163,381.430,1
000745,450.186,269.831,4
000745,633.688,281.248,2
000745,825.496,261.174,5
000746,1071.891,352.805,3
000746,326.951,381.439,1
000746,450.258,269.777,4
000746,633.686,281.262,2
000746,822.641,261.188,5
000747,1071.886,352.812,3
000747,327.052,381.485,1
000747,450.279,269.743,4
000747,633.672,281.269,2
000747,819.736,261.171,5
000748,1071.880,352.806,3
000748,329.785,381.447,1
000748,450.287,267.014,4
000748,633.665,281.275,2
000748,819.717,261.203,5
000749,1071.876,352.807,3
000749,329.843,381.463,1
000749,450.262,267.001,4
000749,633.665,281.275,2
000749,817.007,261.231,5
000750,1071.869,352.795,3
000750,330.041,378.746,1
000750,450.195,266.965,4
000750,633.666,283.922,2
000750,816.982,261.234,5
000751,1071.856,352.792,3
000751,332.722,378.748,1
000751,447.476,266.978,4
000751,633.667,283.917,2
000751,816.945,261.193,5
000752,1071.831,352.781,3
000752,332.875,378.759,1
000752,447.309,266.986,4
000752,633.663,283.917,2
000752,816.944,261.191,5
000753,1071.824,352.774,3
000753,335.598,378.739,1
000753,444.608,266.999,4
000753,633.650,283.927,2
000753,816.951,261.195,5
000754,1071.806,352.766,3
000754,335.764,381.454,1
000754,444.524,266.991,4
000754,633.648,283.929,2
000754,816.953,261.201,5
000755,1069.093,352.764,3
000755,338.559,381.427,1
000755,444.497,266.977,4
000755,633.637,283.937,2
000755,816.983,261.224,5
000756,1069.084,352.766,3
000756,341.390,378.760,1
000756,444.469,266.998,4
000756,633.645,283.927,2
000756,816.995,261.234,5
000757,1069.060,352.750,3
000757,344.261,378.762,1
000757,444.445,266.992,4
000757,633.635,283.927,2
000757,819.764,261.195,5
000758,1069.051,352.744,3
000758,344.252,381.430,1
000758,444.419,267.006,4
000758,633.632,283.929,2
000758,822.634,261.200,5
000759,1069.044,352.732,3
000759,344.241,381.440,1
000759,444.392,267.023,4
000759,633.635,283.932,2
000759,825.477,261.195,5
000760,1069.030,352.697,3
000760,341.381,381.435,1
000760,444.353,267.010,4
000760,633.634,283.931,2
000760,831.133,261.189,5
000761,1069.026,352.687,3
000761,338.496,378.790,1
000761,441.692,267.016,4
000761,633.638,283.923,2
000761,831.199,261.238,5
000762,1069.030,352.687,3
000762,335.647,381.437,1
000762,441.667,269.713,4
000762,633.634,283.941,2
000762,833.913,261.241,5
000763,1069.021,352.685,3
000763,332.839,381.442,1
000763,441.658,269.717,4
000763,633.630,283.927,2
000763,833.934,261.250,5
000764,1069.021,352.685,3
000764,330.041,378.735,1
000764,441.653,269.726,4
000764,633.629,283.936,2
000764,833.965,261.267,5
000765,1069.021,352.701,3
000765,329.927,378.771,1
000765,441.656,269.743,4
000765,633.633,283.939,2
000765,834.012,261.265,5
000766,1069.020,352.719,3
000766,329.844,378.756,1
000766,441.665,269.753,4
000766,633.633,283.940,2
000766,834.040,261.266,5
000767,1069.024,352.727,3
000767,326.962,378.768,1
000767,444.350,269.776,4
000767,633.626,283.929,2
000767,834.074,261.252,5
000768,1069.014,352.730,3
000768,315.640,381.572,1
000768,444.401,269.820,4
000768,633.622,283.932,2
000768,834.127,261.294,5
000769,1069.000,352.719,3
000769,312.823,381.565,1
000769,444.427,269.771,4
000769,633.612,283.934,2
000769,834.152,261.298,5
000770,1068.992,352.716,3
000770,312.716,381.552,1
000770,444.460,269.804,4
000770,633.599,283.940,2
000770,834.150,263.911,5
000771,1068.996,352.708,3
000771,310.018,381.535,1
000771,444.522,269.737,4
000771,633.596,283.937,2
000771,834.157,263.911,5
000772,1069.001,352.701,3
000772,309.918,378.730,1
000772,444.545,267.019,4
000772,633.591,283.933,2
000772,834.146,263.909,5
000773,1069.006,352.702,3
000773,309.881,378.754,1
000773,444.617,267.019,4
000773,633.589,283.934,2
000773,834.151,263.909,5
000774,1068.989,352.686,3
000774,309.872,378.714,1
000774,447.270,269.733,4
000774,633.590,283.931,2
000774,834.166,263.909,5
000775,1068.994,352.676,3
000775,309.857,378.775,1
000775,447.301,269.748,4
000775,633.590,283.929,2
000775,834.172,263.937,5
000776,1068.991,352.666,3
000776,309.860,381.432,1
000776,447.360,269.751,4
000776,633.579,283.937,2
000776,834.124,263.911,5
000777,1069.000,350.030,3
000777,309.875,381.441,1
000777,447.413,269.774,4
000777,633.586,283.934,2
000777,834.081,263.937,5
000778,1068.998,350.022,3
000778,309.889,378.763,1
000778,447.463,269.755,4
000778,633.587,283.937,2
000778,834.080,263.967,5
000779,1068.993,352.670,3
000779,309.901,378.769,1
000779,447.487,269.723,4
000779,633.588,283.938,2
000779,834.051,263.924,5
000780,1068.986,350.022,3
000780,309.979,378.743,1
000780,447.510,269.719,4
000780,633.583,283.937,2
000780,834.015,263.935,5
000781,1068.980,350.001,3
000781,312.679,381.441,1
000781,447.520,267.021,4
000781,633.580,283.934,2
000781,833.995,263.909,5
000782,1068.981,350.006,3
000782,312.799,381.498,1
000782,447.526,269.717,4
000782,633.566,283.936,2
000782,833.963,263.920,5
000783,1068.982,352.665,3
000783,312.853,381.594,1
000783,447.525,269.722,4
000783,633.565,283.935,2
000783,833.944,263.948,5
000784,1068.989,352.666,3
000784,312.861,384.341,1
000784,447.537,269.727,4
000784,633.561,283.932,2
000784,833.940,263.956,5
000785,1069.007,352.678,3
000785,312.860,384.326,1
000785,447.528,269.732,4
000785,633.561,283.934,2
000785,833.922,263.929,5
000786,1069.054,352.677,3
000786,312.833,381.594,1
000786,447.517,269.750,4
000786,633.560,283.936,2
000786,833.920,263.921,5
000787,1069.068,352.670,3
000787,315.549,381.559,1
000787,447.475,269.766,4
000787,633.560,283.939,2
000787,833.921,263.915,5
000788,1069.077,352.687,3
000788,312.837,384.381,1
000788,447.436,269.805,4
000788,633.557,283.940,2
000788,833.920,263.920,5
000789,1069.091,352.696,3
000789,312.837,384.364,1
000789,447.370,269.788,4
000789,633.553,283.947,2
000789,833.921,263.922,5
000790,1071.794,352.689,3
000790,312.816,384.385,1
000790,447.290,269.762,4
000790,633.557,283.941,2
000790,833.926,263.936,5
000791,1071.803,352.703,3
000791,312.822,384.407,1
000791,447.249,269.750,4
000791,633.555,283.942,2
000791,833.932,263.953,5
000792,1071.798,352.712,3
000792,312.815,384.405,1
000792,444.600,269.746,4
000792,633.560,283.939,2
000792,833.934,263.959,5
000793,1071.807,352.731,3
000793,312.815,384.406,1
000793,444.537,269.742,4
000793,633.564,283.937,2
000793,833.938,263.952,5
000794,1071.831,352.762,3
000794,312.803,384.386,1
000794,444.506,269.792,4
000794,633.570,283.937,2
000794,833.955,263.928,5
000795,1071.857,352.780,3
000795,312.796,384.399,1
000795,444.473,269.830,4
000795,633.575,283.932,2
000795,833.966,263.931,5
000796,1074.655,352.796,3
000796,312.790,384.394,1
000796,444.457,269.842,4
000796,633.580,283.938,2
000796,833.981,263.963,5
000797,1074.667,352.811,3
000797,312.798,384.405,1
000797,444.445,272.619,4
000797,633.578,283.939,2
000797,833.990,263.969,5
000798,1074.693,352.816,3
000798,312.801,384.383,1
000798,444.432,272.618,4
000798,633.580,283.935,2
000798,833.997,263.974,5
000799,1074.687,352.822,3
000799,312.797,384.389,1
000799,444.419,272.643,4
000799,633.590,283.942,2
000799,834.006,263.972,5
000800,1074.685,352.822,3
000800,312.804,384.386,1
000800,444.424,272.641,4
000800,633.583,283.947,2
000800,834.031,263.948,5
000801,1074.681,352.815,3
000801,312.800,384.381,1
000801,444.425,272.643,4
000801,633.594,283.942,2
000801,834.025,263.948,5
000802,1074.677,352.811,3
000802,312.804,384.391,1
000802,444.420,272.643,4
000802,633.614,283.944,2
000802,834.032,263.929,5
000803,1074.680,352.810,3
000803,312.806,384.402,1
000803,444.417,272.663,4
000803,633.622,283.944,2
000803,834.041,263.933,5
000804,1074.687,352.813,3
000804,312.800,387.160,1
000804,444.405,272.668,4
000804,633.624,283.947,2
000804,834.044,263.958,5
000805,1074.682,352.810,3
000805,312.801,384.411,1
000805,444.402,272.671,4
000805,633.644,283.946,2
000805,834.041,263.958,5
000806,1074.672,352.808,3
000806,312.801,384.406,1
000806,444.400,272.675,4
000806,633.661,283.950,2
000806,834.035,263.947,5
000807,1074.668,352.807,3
000807,312.799,384.407,1
000807,444.387,272.674,4
000807,633.663,283.933,2
000807,834.030,263.946,5
000808,1074.667,352.822,3
000808,312.800,384.395,1
000808,444.361,272.641,4
000808,633.668,283.937,2
000808,834.022,263.947,5
000809,1074.663,352.847,3
000809,312.775,387.195,1
000809,444.341,272.619,4
000809,633.675,283.936,2
000809,834.027,263.943,5
000810,1071.893,352.846,3
000810,312.775,384.418,1
000810,441.683,272.593,4
000810,633.680,283.934,2
000810,834.017,263.939,5
000811,1071.888,352.845,3
000811,312.781,384.422,1
000811,441.604,272.627,4
000811,633.682,283.935,2
000811,834.008,263.939,5
000812,1071.871,352.858,3
000812,312.776,387.165,1
000812,441.550,272.665,4
000812,633.688,283.934,2
000812,833.998,263.934,5
000813,1071.816,352.848,3
000813,312.763,387.204,1
000813,441.524,272.673,4
000813,636.379,283.929,2
000813,834.000,263.937,5
000814,1071.804,352.824,3
000814,312.770,387.219,1
000814,438.802,272.663,4
000814,633.687,283.923,2
000814,833.997,263.927,5
000815,1071.791,352.834,3
000815,312.769,387.198,1
000815,438.782,272.674,4
000815,633.687,283.924,2
000815,833.990,263.919,5
000816,1069.090,352.844,3
000816,312.772,387.187,1
000816,438.759,272.668,4
000816,633.687,283.921,2
000816,833.990,263.921,5
000817,1069.078,352.825,3
000817,312.774,387.166,1
000817,438.733,272.659,4
000817,636.379,283.917,2
000817,833.986,263.927,5
000818,1069.066,352.816,3
000818,312.785,384.421,1
000818,435.954,272.647,4
000818,636.378,283.919,2
000818,833.984,263.930,5
000819,1069.076,352.823,3
000819,312.781,387.160,1
000819,435.953,272.648,4
000819,633.689,283.915,2
000819,833.981,263.924,5
000820,1069.072,352.818,3
000820,312.777,387.200,1
000820,435.952,272.634,4
000820,633.688,281.282,2
000820,833.978,263.923,5
000821,1071.790,352.828,3
000821,312.782,387.188,1
000821,435.961,272.644,4
000821,633.688,281.277,2
000821,833.978,263.915,5
000822,1071.800,352.830,3
000822,312.777,387.188,1
000822,438.707,272.653,4
000822,636.380,281.277,2
000822,833.977,263.916,5
000823,1071.828,352.850,3
000823,312.779,387.189,1
000823,438.724,272.662,4
000823,633.687,281.275,2
000823,833.973,263.922,5
000824,1071.889,352.852,3
000824,312.774,387.193,1
000824,438.730,272.657,4
000824,633.683,281.273,2
000824,833.972,263.932,5
000825,1071.905,352.854,3
000825,312.762,387.214,1
000825,438.751,272.672,4
000825,633.686,281.273,2
000825,833.976,263.927,5
000826,1071.908,352.851,3
000826,312.757,387.228,1
000826,438.767,272.675,4
000826,633.686,281.275,2
000826,833.974,263.929,5
000827,1071.903,352.850,3
000827,312.757,387.220,1
000827,438.791,272.683,4
000827,633.687,281.267,2
000827,833.978,263.944,5
000828,1071.905,352.840,3
000828,312.750,387.235,1
000828,438.807,272.681,4
000828,633.688,281.263,2
000828,833.980,263.948,5
000829,1071.907,352.831,3
000829,312.755,387.264,1
000829,438.810,272.679,4
000829,633.687,281.258,2
000829,833.975,263.958,5
000830,1071.903,352.831,3
000830,312.743,387.254,1
000830,438.817,272.677,4
000830,636.381,281.265,2
000830,833.982,263.967,5
000831,1074.663,352.817,3
000831,312.749,387.241,1
000831,438.818,272.650,4
000831,633.686,281.263,2
000831,833.978,263.977,5
000832,1074.662,352.812,3
000832,312.747,387.236,1
000832,438.817,272.641,4
000832,633.678,281.259,2
000832,833.983,263.982,5
000833,1074.661,352.809,3
000833,312.737,387.179,1
000833,438.816,272.632,4
000833,633.676,281.261,2
000833,833.979,263.983,5
000834,1071.907,352.818,3
000834,312.734,384.398,1
000834,438.815,272.617,4
000834,633.671,281.268,2
000834,833.978,263.987,5
000835,1071.852,352.802,3
000835,312.733,384.415,1
000835,438.816,272.604,4
000835,633.670,281.265,2
000835,833.978,263.987,5
000836,1069.080,352.794,3
000836,312.739,384.402,1
000836,438.824,272.608,4
000836,633.666,281.265,2
000836,833.978,263.987,5
000837,1069.015,352.749,3
000837,312.738,384.372,1
000837,441.520,272.619,4
000837,633.676,281.257,2
000837,833.971,263.983,5
000838,1068.973,352.736,3
000838,312.734,384.374,1
000838,441.527,272.615,4
000838,633.677,281.256,2
000838,833.966,263.986,5
000839,1068.990,352.787,3
000839,312.729,384.370,1
000839,441.534,272.614,4
000839,633.676,281.251,2
000839,833.959,263.978,5
000840,1068.930,352.739,3
000840,312.722,384.392,1
000840,441.537,272.613,4
000840,633.681,281.244,2
000840,833.958,263.989,5
000841,1066.274,352.842,3
000841,312.720,384.392,1
000841,441.550,272.620,4
000841,633.682,281.243,2
000841,833.959,263.993,5
000842,1068.945,352.839,3
000842,312.707,384.405,1
000842,441.553,272.627,4
000842,633.684,281.241,2
000842,833.963,264.003,5
000843,1068.990,352.843,3
000843,312.721,384.389,1
000843,441.565,272.642,4
000843,633.689,281.243,2
000843,833.965,264.014,5
000844,1069.066,352.852,3
000844,312.729,384.387,1
000844,441.557,272.623,4
000844,633.689,281.251,2
000844,833.969,264.019,5
000845,1071.848,352.858,3
000845,312.727,384.355,1
000845,441.558,272.625,4
000845,636.380,281.251,2
000845,833.968,264.016,5
000846,1077.516,352.860,3
000846,312.717,384.333,1
000846,441.565,272.623,4
000846,636.389,281.248,2
000846,833.967,264.025,5
000847,1080.363,352.900,3
000847,312.696,384.339,1
000847,441.568,272.604,4
000847,636.386,281.253,2
000847,833.964,264.030,5
000848,1080.469,352.937,3
000848,312.699,384.319,1
000848,441.570,272.595,4
000848,636.384,281.251,2
000848,833.964,264.030,5
000849,1086.004,352.859,3
000849,312.702,384.324,1
000849,441.571,272.598,4
000849,633.684,281.256,2
000849,833.964,264.018,5
000850,1086.216,352.833,3
000850,312.707,384.316,1
000850,441.570,272.605,4
000850,633.678,281.264,2
000850,833.965,264.015,5
000851,1089.006,352.837,3
000851,312.708,384.304,1
000851,441.561,272.607,4
000851,633.668,281.267,2
000851,833.951,264.013,5
000852,1089.115,352.809,3
000852,312.701,381.594,1
000852,441.552,272.609,4
000852,633.665,281.280,2
000852,833.944,264.014,5
000853,1089.176,352.833,3
000853,312.685,384.298,1
000853,441.554,272.615,4
000853,633.658,283.916,2
000853,833.933,264.008,5
000854,1091.942,352.861,3
000854,312.676,384.328,1
000854,441.551,272.620,4
000854,633.657,283.917,2
000854,833.922,264.006,5
000855,1094.714,352.918,3
000855,310.023,384.358,1
000855,441.546,272.634,4
000855,633.658,283.919,2
000855,833.913,264.001,5
000856,1094.801,355.578,3
000856,310.015,384.362,1
000856,441.531,272.648,4
000856,633.654,281.282,2
000856,831.271,264.001,5
000857,1097.574,355.629,3
000857,310.008,384.357,1
000857,438.827,272.649,4
000857,633.644,283.922,2
000857,831.261,264.002,5
000858,1097.616,355.622,3
000858,310.008,384.371,1
000858,438.809,272.646,4
000858,633.648,283.922,2
000858,831.255,263.998,5
000859,1097.613,355.642,3
000859,310.006,384.346,1
000859,438.783,272.664,4
000859,633.641,283.916,2
000859,831.256,264.006,5
000860,1097.634,355.644,3
000860,310.005,384.383,1
000860,438.761,275.436,4
000860,633.636,283.924,2
000860,831.248,264.021,5
000861,1097.571,355.612,3
000861,310.000,384.386,1
000861,438.750,275.449,4
000861,633.636,283.925,2
000861,831.252,264.024,5
000862,1092.008,355.621,3
000862,309.980,384.381,1
000862,438.739,275.457,4
000862,633.637,283.926,2
000862,831.240,264.023,5
000863,1091.844,355.628,3
000863,309.969,384.399,1
000863,438.739,275.471,4
000863,633.633,283.928,2
000863,831.244,264.036,5
000864,1089.034,355.636,3
000864,309.968,384.420,1
000864,438.714,275.473,4
000864,633.625,283.930,2
000864,831.245,264.039,5
000865,1086.154,355.653,3
000865,309.965,384.423,1
000865,438.695,275.474,4
000865,633.627,283.928,2
000865,831.254,264.034,5
000866,1083.348,355.619,3
000866,309.965,384.422,1
000866,435.950,275.464,4
000866,633.626,283.929,2
000866,831.255,264.036,5
000867,1080.412,355.698,3
000867,309.954,384.424,1
000867,435.936,275.462,4
000867,633.625,283.929,2
000867,831.267,264.043,5
000868,1077.551,355.662,3
000868,309.950,387.174,1
000868,435.919,275.454,4
000868,633.630,283.932,2
000868,833.910,264.051,5
000869,1071.858,352.920,3
000869,309.948,387.175,1
000869,435.910,275.464,4
000869,633.629,283.929,2
000869,833.937,264.042,5
000870,1068.957,352.860,3
000870,309.949,387.170,1
000870,435.909,275.460,4
000870,633.625,283.931,2
000870,833.940,264.040,5
000871,1066.185,352.904,3
000871,309.945,384.425,1
000871,435.901,275.458,4
000871,633.619,283.930,2
000871,833.943,264.042,5
000872,1066.061,352.887,3
000872,309.946,384.422,1
000872,435.896,275.455,4
000872,633.613,283.930,2
000872,833.947,264.045,5
000873,1066.035,352.868,3
000873,309.949,384.423,1
000873,435.889,275.458,4
000873,633.611,283.929,2
000873,833.945,264.044,5
000874,1066.043,352.886,3
000874,309.948,384.422,1
000874,435.895,275.460,4
000874,633.609,283.926,2
000874,833.962,264.042,5